user_id,lock_id,sale_datetime,sale_id,gross_profit
38769,26334269,10/29/2022 0:16,1624686,65.26
99994,26423056,11/11/2022 13:11,1641936,-133.8
112497,26120673,11/3/2022 14:33,1628000,-30
135937,27526924,12/22/2022 21:26,1683483,-288.55
139005,26274535,10/26/2022 22:55,1624760,32.87
145988,25418426,9/28/2022 16:56,1592422,-240.84
164212,25057050,9/14/2022 17:32,1592597,844.72
215419,26356668,10/30/2022 13:58,1631982,909.96
317410,27189311,12/4/2022 6:36,1675258,-38.14
457643,25825636,10/11/2022 23:52,1608857,-48.77
508292,25475767,9/30/2022 20:01,1592524,356.29
587574,27485357,12/15/2022 16:15,1680578,253.64
608684,27113594,12/12/2022 17:33,1675847,358.87
610988,25828507,10/12/2022 1:10,1607692,-161.45
612608,25596676,10/4/2022 17:42,1608131,180.96
633160,25482364,10/1/2022 1:10,1592467,227.1
670387,25188271,9/26/2022 19:11,1589522,998.41
712308,25646467,10/8/2022 0:29,1603267,-723.41
834973,26683475,11/11/2022 19:38,1641856,-377.21
868957,26659188,11/11/2022 1:22,1642353,22.51
888985,27196566,12/8/2022 14:48,1675767,1030.88
891574,27285315,12/8/2022 1:33,1675766,529.31
902318,27113865,12/9/2022 16:14,1673663,-1.38
909739,27266993,12/9/2022 5:58,1675779,-290.02
930750,26567994,11/12/2022 15:44,1648683,176.51
949772,26319417,10/29/2022 20:54,1624689,-37.87
976114,27506832,12/17/2022 0:14,1683382,354.94
986982,25041656,9/14/2022 1:29,1592644,-166.55
1094775,26731086,11/18/2022 21:29,1652934,54.21
1098585,26623265,11/8/2022 23:37,1641840,-483.96
1223060,27374422,12/12/2022 22:46,1675864,80.15
1285250,27392308,12/11/2022 16:11,1675818,-88.05
1352433,27481615,12/18/2022 22:02,1687221,332.79
1398474,25523689,10/31/2022 20:05,1624708,-53.97
1469386,25804206,10/11/2022 8:59,1600913,863.69
1497736,26277075,10/27/2022 0:32,1624678,26.82
1545368,25731892,10/8/2022 17:18,1603254,430.22
1549604,25672798,10/7/2022 23:00,1603251,689.94
1606496,26151232,10/28/2022 13:48,1631962,583.28
1758229,25234210,9/24/2022 14:12,1591339,292.35
1759132,27320367,12/8/2022 14:33,1682559,-152.49
1824574,26244243,10/29/2022 13:06,1626803,1156.18
1913201,25488010,9/30/2022 0:14,1592391,155.51
1975303,25426314,10/1/2022 1:09,1592466,407.58
2044335,26868754,11/18/2022 4:26,1652905,-557.77
2161654,27349778,12/14/2022 15:30,1679777,794.5
2200227,25718620,10/20/2022 16:56,1616942,-175.87
2200227,25439857,9/29/2022 18:34,1592304,554.04
2235524,25518065,10/1/2022 2:23,1592671,1222.12
2349692,27134771,12/7/2022 19:33,1675307,-124.24
2367251,27419736,12/12/2022 21:55,1675862,-494.64
2394640,25295129,9/23/2022 21:00,1592363,760.51
2489363,26276847,10/30/2022 15:38,1626533,-48.41
2507973,27452512,12/16/2022 15:58,1679898,-117.66
2597067,25461598,10/3/2022 14:56,1591802,134.12
2626110,26015535,10/19/2022 17:10,1625001,108.19
2660465,25951328,10/17/2022 18:15,1625160,-120.42
2715497,26025227,10/18/2022 20:17,1615804,1286.05
2772885,25147429,9/19/2022 15:00,1589890,349.08
2787737,27273708,12/9/2022 18:46,1674965,311.22
2790336,27302046,12/7/2022 22:14,1674868,-357.34
2965291,27450178,12/14/2022 2:01,1675895,448.5
2966026,27365605,12/12/2022 15:26,1679167,778.54
3043117,25979025,10/18/2022 13:08,1617019,-115.05
3056753,26213575,10/26/2022 23:11,1631963,-137.65
3079262,25396580,9/27/2022 0:20,1591331,700.43
3117898,26506067,11/10/2022 22:18,1642013,-318.81
3150144,26279952,10/27/2022 1:58,1624680,519.2
3301220,27522848,12/22/2022 14:41,1686101,-166.56
3488963,25665334,10/7/2022 12:42,1603306,88.09
3513274,25974686,10/19/2022 13:48,1617436,878.79
3522750,25806858,10/20/2022 0:38,1612234,487.81
3530911,25680262,10/7/2022 21:53,1603265,61.67
3531038,26438899,11/8/2022 18:23,1638592,-106.87
3547350,25488426,9/30/2022 0:20,1589523,137.97
3582760,25361831,9/25/2022 19:16,1591495,239.86
3676433,27247933,12/7/2022 15:48,1674847,258.32
3895160,25452569,10/4/2022 18:09,1592503,1765.6
3937316,25642958,10/6/2022 12:19,1603300,500.86
4001624,25446410,9/29/2022 13:46,1592540,1886.4
4061474,25499390,9/30/2022 21:58,1592661,859.96
4068037,25606415,10/4/2022 14:04,1592496,-198.29
4146273,26238995,10/28/2022 0:38,1631997,96.83
4179303,26771312,11/18/2022 17:13,1652921,558.44
4236149,25471128,9/29/2022 14:25,1592440,553.55
4264382,27092178,11/30/2022 20:30,1675722,545.35
4283015,27278471,12/9/2022 22:31,1674992,-207.56
4303854,25609433,10/24/2022 21:16,1624742,1091.67
4363458,27309047,12/10/2022 1:40,1675797,43.74
4428775,25293390,9/25/2022 14:25,1592584,205.25
4514011,25407879,10/3/2022 15:38,1592575,1574.85
4524137,25374462,9/27/2022 16:38,1591311,-265.18
4545048,25743198,10/11/2022 21:50,1603263,-67.45
4592344,27280394,12/14/2022 21:04,1683357,-55.91
4691365,25360308,10/2/2022 21:42,1592702,1612.36
4697678,26397404,10/31/2022 20:23,1631968,1386.69
4796164,27227095,12/6/2022 0:17,1675735,520.51
4916906,25498255,10/5/2022 13:11,1603242,-342.32
4919292,26150907,10/28/2022 18:25,1631956,1546.36
4968897,27173159,12/6/2022 21:40,1675289,-184.41
4979355,25261506,9/30/2022 18:10,1591345,200.17
4983041,25784199,10/13/2022 15:10,1603282,91.05
5061286,25042999,10/3/2022 19:24,1590853,354.33
5069308,25332843,9/29/2022 16:16,1592315,893.87
5131200,25903481,10/24/2022 0:27,1624738,1138.75
5186166,25123400,9/27/2022 20:46,1592296,1190.92
5260800,27105447,11/30/2022 0:20,1675721,475.44
5273994,25876657,10/28/2022 22:32,1622114,621.08
5299262,25404188,10/12/2022 19:14,1603270,277.42
5405895,26678635,11/10/2022 23:34,1642348,-50.88
5424561,26339285,10/29/2022 4:21,1624703,934.45
5555686,27412425,12/12/2022 16:12,1675845,-88.33
5572720,26117581,10/30/2022 18:44,1632011,-152.34
5602142,26661229,11/10/2022 5:08,1639625,250.89
5625934,26136835,10/29/2022 12:45,1624688,483.68
5630934,27580292,12/21/2022 1:45,1687236,-104.07
5716719,26927407,12/15/2022 20:08,1683362,337.26
5783124,26290392,11/8/2022 23:34,1642390,385.45
5809120,26668413,11/10/2022 15:31,1642370,24.11
5856879,25383541,9/27/2022 21:49,1592299,1087.01
5858603,25499100,9/30/2022 18:29,1603284,52.02
5976303,25871567,10/16/2022 16:52,1608820,-35.88
6007115,25535924,10/3/2022 15:26,1591343,353.38
6182065,25457314,9/28/2022 23:31,1592406,497.41
6431120,26444861,11/3/2022 19:28,1639342,689.42
6505483,26024064,10/18/2022 14:46,1610801,438.24
6522259,25114559,10/4/2022 12:19,1592318,242.48
6598299,26134904,10/22/2022 0:38,1617151,207.18
6616831,26787153,11/18/2022 20:51,1652933,1000.01
6671173,27438076,12/20/2022 15:44,1682605,691.87
6775442,26257615,11/1/2022 18:17,1631970,-68.35
6851634,25503225,10/1/2022 14:15,1592288,1055.9
6895814,25783510,10/11/2022 18:58,1603259,-105.51
6989912,27293186,12/7/2022 16:26,1673617,1444.66
7049641,26238183,10/29/2022 17:41,1624721,600.75
7064121,25440531,9/29/2022 19:48,1592307,44.2
7077170,27673974,12/25/2022 15:04,1688652,-72.3
7093613,27432377,12/13/2022 13:35,1675872,998.11
7096472,27354721,12/12/2022 21:25,1675861,-107.09
7108180,25227227,9/30/2022 13:34,1592523,1661.16
7257943,26549741,11/7/2022 14:59,1643784,1012.9
7306228,25299605,9/28/2022 4:18,1591878,842.11
7327625,25877821,10/25/2022 5:45,1624239,119.92
7393232,26046437,10/21/2022 19:23,1631996,150.68
7466449,27357601,12/11/2022 1:18,1675811,-163.36
7468198,27623522,12/23/2022 16:18,1686132,-42.35
7499742,26370176,10/31/2022 3:08,1631919,40.07
7500062,26319975,10/30/2022 16:56,1624691,-293.29
7506926,25508029,9/30/2022 19:19,1592561,-125.57
7538913,25376683,10/1/2022 0:52,1591669,1039.87
7553062,25466678,9/30/2022 3:35,1591337,752.69
7573778,25477567,10/2/2022 20:41,1592450,831.33
7591483,26174027,10/23/2022 20:18,1632021,464.9
7863282,27756072,12/28/2022 20:17,1688284,688.68
7865888,26432816,11/2/2022 1:13,1642386,-209.51
7892740,25402679,9/27/2022 4:25,1592567,-283.89
7982961,25481588,9/29/2022 20:38,1592638,-373.98
8015256,24965500,9/13/2022 22:03,1590360,638.25
8019963,25799799,10/11/2022 18:21,1608804,-129.6
8021806,25266168,9/23/2022 21:23,1592377,1516.59
8022087,25247547,9/26/2022 15:44,1592361,1043.31
8065358,25754807,10/9/2022 15:27,1616888,375.91
8096233,26562636,11/18/2022 13:51,1652909,1002
8242719,27663544,12/24/2022 22:04,1686164,1339.31
8276657,25329897,9/27/2022 17:18,1591893,21.49
8283497,25076330,9/15/2022 5:05,1592384,-141.14
8307224,27550331,12/23/2022 22:22,1686149,67.8
8363137,25426064,9/30/2022 13:00,1592527,150.76
8525414,27445279,12/13/2022 21:51,1675890,31.12
8588945,25537749,10/1/2022 21:16,1592403,252.36
8663301,26749713,11/15/2022 0:50,1648753,3.27
8712053,26707272,11/11/2022 22:14,1642007,38.41
8836179,26142078,10/26/2022 21:46,1624676,420.52
9192229,26003895,10/26/2022 12:12,1622971,-40.95
9206368,26122990,10/29/2022 2:43,1624702,395.43
9257585,27579750,12/23/2022 6:33,1687593,-109.67
9368237,27305678,12/9/2022 22:40,1675795,-139.61
9390972,25305732,9/23/2022 21:33,1590629,1234.61
9416162,27530066,12/21/2022 13:49,1685584,564.55
9456606,25429110,10/3/2022 18:11,1591714,410.2
9519055,26165126,10/25/2022 17:43,1631923,671.99
9571808,27341587,12/9/2022 3:55,1673652,-49.58
9572569,27328404,12/10/2022 19:55,1675809,1030.97
9618441,26885512,11/18/2022 20:44,1652932,420.52
9737329,27389194,12/13/2022 17:14,1675879,-185.74
9745446,27331639,12/8/2022 22:41,1674927,-401.83
9786381,27654150,12/23/2022 16:30,1686767,-73.31
9863554,27413770,12/19/2022 15:09,1681868,-76.82
9891881,25377020,9/30/2022 0:07,1591335,440.82
9949592,26254383,10/29/2022 19:39,1624723,53.73
10066993,27346358,12/13/2022 20:29,1675887,1166.45
10084343,25314950,9/28/2022 18:23,1591067,1449.02
10433356,27437922,12/15/2022 14:30,1687210,501.13
10438210,25735069,10/8/2022 19:34,1608651,21.46
10494108,25471960,9/30/2022 23:21,1591310,1240.63
10511797,25230214,10/3/2022 14:10,1590141,-184.39
10740825,25503507,10/1/2022 16:25,1592396,357.91
10747328,26543030,11/5/2022 23:45,1641893,901.56
10937550,25421727,9/28/2022 20:47,1592648,-13.36
10964345,26528792,11/5/2022 13:49,1639032,814.47
10966920,25448454,9/28/2022 20:25,1592427,992.59
11013832,27372601,12/11/2022 3:27,1675814,405.28
11075580,27426792,12/13/2022 3:36,1681721,192.65
11106871,27267571,12/12/2022 20:27,1675854,1634.49
11153433,25388499,9/30/2022 19:47,1592723,577.93
11289739,27597966,12/21/2022 0:52,1687233,3.73
11387081,25196386,9/20/2022 14:36,1591305,-217.48
11471954,26315278,10/31/2022 23:26,1639345,282.34
11475600,27647987,12/23/2022 5:09,1687592,63.52
11502958,25489269,9/30/2022 1:02,1592460,1091.9
11528490,24043656,9/27/2022 21:28,1592709,2188.64
11544269,25490176,9/30/2022 1:20,1591336,614.07
11579743,25315792,9/23/2022 22:49,1592726,198.86
11597494,27671089,12/26/2022 18:02,1688206,-354.78
11742672,25452713,9/29/2022 19:36,1591332,70.27
11751638,27276255,12/19/2022 18:26,1687223,-36.41
11777862,26265360,10/30/2022 19:22,1632013,200.68
11785830,25478131,10/4/2022 15:13,1592320,44.05
11906306,25411618,9/29/2022 17:27,1592442,-430.09
11943091,26879223,11/18/2022 15:38,1652917,-72.73
11950902,25856795,10/12/2022 23:39,1603277,990
12021706,27617569,12/26/2022 22:44,1686184,1079.84
12060579,27267136,12/6/2022 22:26,1674825,31.45
12127987,25646683,10/5/2022 22:27,1603289,980.65
12239818,25453389,10/3/2022 19:41,1592018,22.9
12268634,27335459,12/9/2022 0:01,1674931,373.94
12278708,25445436,9/28/2022 17:13,1592069,-147.62
12333449,26816129,11/17/2022 18:46,1652881,395.9
12510265,25326768,9/26/2022 19:18,1592568,1198.51
12529754,27486481,12/15/2022 17:06,1679841,29.71
12609201,27399220,12/19/2022 20:43,1687224,-73.03
12647808,26174304,10/23/2022 21:53,1624735,372.87
12699079,27299928,12/7/2022 19:44,1675309,611.75
12700039,26298786,10/28/2022 17:37,1624769,172.94
12704710,26327920,10/29/2022 17:32,1624720,-204.52
12759552,25720052,10/17/2022 18:33,1608870,-51.15
12811390,25941732,10/20/2022 18:12,1617068,111.44
12874859,25479417,9/29/2022 19:28,1592073,-180.24
12910652,25043314,9/14/2022 2:13,1591995,-10.69
12928109,26857233,11/18/2022 0:14,1652899,29.13
13114126,27526517,12/17/2022 15:59,1683387,-112.7
13146238,25445604,9/28/2022 16:26,1592029,245.13
13150192,27395269,12/11/2022 21:06,1675828,1713.7
13257370,25121283,9/30/2022 15:58,1590706,1036.16
13261515,27353076,12/9/2022 18:17,1675786,345.46
13271264,25417653,9/30/2022 17:22,1592106,480.03
13317396,25610001,10/7/2022 22:31,1603266,-18.63
13349824,25337612,9/24/2022 19:56,1592419,570.92
13360304,25760879,10/14/2022 15:34,1608137,67.92
13365230,26867878,11/18/2022 1:59,1652904,118.33
13427327,27355529,12/11/2022 19:22,1675825,405.63
13466461,27314483,12/10/2022 18:38,1675807,-245.18
13561847,25236977,9/21/2022 2:58,1591185,-11.08
13644647,26691786,11/17/2022 19:13,1652884,44.72
13775885,26184874,10/23/2022 23:01,1631955,556.76
13855281,27226573,12/13/2022 19:08,1675883,-6.3
13867063,27706716,12/26/2022 22:12,1688701,125
13879570,25540904,10/2/2022 21:54,1592705,-553.2
13916268,26149738,11/3/2022 16:24,1642574,-620.75
13984152,25472622,9/30/2022 11:55,1591821,96.27
14003711,25275923,9/25/2022 2:40,1591313,80.89
14017355,26003774,10/20/2022 18:43,1618198,1293.97
14029091,26205415,10/24/2022 21:05,1624741,-72.47
14113557,25065849,9/20/2022 13:42,1589457,-162.06
14255081,25475515,9/29/2022 20:22,1592308,1126.94
14263314,26642493,11/19/2022 15:12,1655588,-229.69
14319182,25508729,9/30/2022 20:17,1591308,307.39
14374026,26253187,10/26/2022 5:41,1624713,753.34
14392866,25462857,9/29/2022 22:56,1592653,980.1
14409258,27353253,12/9/2022 17:54,1675784,-181.31
14495689,26737925,11/17/2022 17:11,1652870,214.07
14503296,25226172,9/25/2022 15:27,1591264,665.17
14511028,25660399,10/6/2022 2:04,1598754,-381.25
14600483,25448116,10/3/2022 0:29,1592453,-108.79
14608282,25269175,9/26/2022 19:11,1592112,-51.21
14669700,25332482,10/1/2022 20:51,1592410,596.53
14709290,25850075,10/12/2022 20:40,1603274,494.27
14732194,27227434,12/5/2022 15:17,1675264,1134.26
14798458,27573823,12/22/2022 23:59,1687586,-109.46
14934793,25429758,9/29/2022 13:18,1592646,627.93
14969787,27417367,12/15/2022 18:11,1683361,93.86
15016637,26377878,11/4/2022 18:46,1639587,30.23
15131518,25407518,9/27/2022 20:22,1592434,147.8
15205939,25470252,9/29/2022 19:18,1591182,1963.12
15273147,26387675,10/31/2022 5:54,1631937,-315.37
15349767,27301772,12/13/2022 19:22,1675203,373.02
15444740,27568102,12/20/2022 1:05,1682602,1299.39
15502820,25355170,9/28/2022 22:13,1591870,680.61
15652908,25040394,9/15/2022 1:08,1592642,259.06
15731912,26002062,10/17/2022 19:16,1616679,846.64
15734865,25868083,10/13/2022 2:40,1603279,177.61
15898706,25566344,10/23/2022 17:53,1618247,-33.23
15908449,27642470,12/23/2022 13:21,1687597,-79.12
15952880,25374521,9/26/2022 4:44,1591772,936.25
16129852,26861885,11/17/2022 22:03,1652896,54.87
16212292,25600137,10/4/2022 4:13,1592025,-143.06
16214291,25948583,11/5/2022 17:27,1641958,-25.51
16261290,25171358,9/30/2022 17:44,1592107,-340.82
16359011,26262845,10/31/2022 20:10,1624709,826.05
16508071,25528031,10/4/2022 20:20,1598746,-105.56
16615931,25448504,10/8/2022 18:39,1603245,106.87
16626125,27408871,12/12/2022 17:52,1675848,103.1
16635472,25561537,10/2/2022 21:31,1592700,-228.3
16643612,27430317,12/21/2022 0:14,1687231,364.86
16673255,25163467,9/24/2022 12:14,1592479,294.46
16836828,26728331,11/18/2022 14:10,1652910,-333.46
16981628,26396148,11/9/2022 19:05,1641904,1.45
16990323,25289079,9/22/2022 21:59,1589565,1046.84
17007396,26453661,11/3/2022 19:59,1642049,-95.61
17011895,25518906,10/2/2022 1:42,1591854,929.8
17019924,27279158,12/10/2022 18:22,1675805,1811.79
17113478,27448474,12/22/2022 17:33,1686103,771.57
17164928,27749896,12/28/2022 18:56,1688278,-35.61
17181719,27654410,12/27/2022 15:00,1688727,-618.19
17253961,27356125,12/12/2022 14:35,1675841,142.43
17321242,27693414,12/26/2022 19:37,1688211,1454.14
17372692,26096493,10/27/2022 12:53,1631926,1077.66
17468012,25983221,10/17/2022 0:51,1623095,-613.23
17500111,25333230,9/24/2022 17:35,1590308,532.6
17615724,25430928,9/28/2022 12:52,1592373,309.58
17617619,26150795,10/22/2022 17:23,1624710,-68.55
17697954,25075356,10/1/2022 17:21,1592374,22.52
17792954,26142229,10/31/2022 19:30,1628736,380.71
17811195,26204997,10/26/2022 17:55,1632019,155.74
17826353,27311828,12/12/2022 14:33,1675840,-6.41
17850015,26887170,11/18/2022 21:50,1652936,885.07
17912209,25871835,10/13/2022 3:33,1603280,89.33
17959835,26397017,11/3/2022 23:01,1640296,210.29
17993794,26302151,10/28/2022 16:44,1628882,-28.9
18016448,25459435,9/30/2022 18:23,1592715,467.29
18099705,25598986,10/6/2022 0:57,1598752,1549.55
18100374,26377984,11/2/2022 20:01,1631987,-147.91
18134093,26654126,11/11/2022 21:29,1642050,-126.5
18151360,25484979,10/4/2022 21:30,1592473,879.57
18198462,25556968,10/2/2022 17:24,1591855,358.34
18271436,25312810,9/29/2022 21:02,1592310,557.38
18282631,27385601,4/23/2023 19:40,1803778,-97.74
18287495,26276912,11/12/2022 14:04,1645222,880.26
18364545,25397038,9/28/2022 23:26,1592405,1002.53
18408429,26580809,11/7/2022 19:27,1641838,-99.61
18424610,25551779,10/2/2022 12:48,1592692,35.27
18476209,26477824,11/3/2022 16:10,1632031,-5.01
18483425,27191204,12/6/2022 2:41,1675736,88.29
18494536,25337710,9/24/2022 20:01,1592480,1675.06
18498191,26166343,11/10/2022 14:54,1639857,857.54
18640565,26423662,11/2/2022 18:55,1631928,132.98
18680309,26390994,10/31/2022 14:19,1631964,-55.38
18700527,26350963,11/12/2022 23:16,1640865,-181.09
18718867,25304587,9/23/2022 14:58,1591726,-477.53
18724804,25596422,10/4/2022 16:51,1592322,377.1
18732369,26338942,11/1/2022 0:13,1628413,685.13
18810640,25534810,10/3/2022 17:10,1592582,-88.43
18852597,24728660,9/23/2022 20:34,1590765,-345.57
18912258,26832035,11/29/2022 15:53,1675719,358.24
18935460,26158867,10/24/2022 20:37,1625373,-28.23
18956519,25344175,9/27/2022 20:57,1590249,912.8
19041008,25314945,9/27/2022 14:17,1592351,735.99
19099850,25581250,10/3/2022 21:37,1592020,-309.66
19129794,25451860,9/28/2022 20:20,1592000,2154.14
19264758,25564008,10/13/2022 14:23,1603281,-477.92
19391487,27152492,12/2/2022 22:10,1675726,-279.44
19398445,26491019,11/7/2022 21:57,1641907,1088.21
19407472,25330400,10/5/2022 13:10,1603241,227.11
19426053,27273643,12/6/2022 17:59,1675739,-186.76
19474755,25504943,10/6/2022 13:52,1603286,305.94
19477675,25474554,9/29/2022 19:03,1592305,-201.11
19495115,26688999,11/11/2022 5:10,1642360,-321.39
19578416,25339301,9/29/2022 12:19,1592649,1122.14
19622371,27119719,11/29/2022 19:59,1675720,385.72
19667732,26584522,11/10/2022 16:53,1642694,1014.81
19671392,25206094,9/29/2022 17:48,1592301,187.28
19671611,26334249,10/29/2022 1:00,1631999,-16.44
19688958,25469337,10/2/2022 18:06,1592697,1210.13
19764354,25428359,9/28/2022 15:13,1592421,102.11
19810721,25025797,9/13/2022 19:44,1592376,-53.79
19952868,27219384,12/4/2022 2:02,1675727,453.37
19958639,27638663,12/22/2022 23:03,1687584,-47.41
19988329,25532275,10/1/2022 21:24,1592404,-418.65
20097945,27622555,12/27/2022 21:29,1688248,988.8
20108161,27544944,12/19/2022 16:23,1683419,245.43
20145176,27201883,12/6/2022 0:15,1675280,953.89
20219986,25793552,10/14/2022 13:22,1608134,37.8
20239672,26679515,11/10/2022 21:56,1642345,-21.27
20365169,25351653,10/3/2022 14:22,1590832,211.63
20372485,25974544,10/16/2022 19:46,1617301,-43.65
20415582,26583938,11/13/2022 14:44,1642383,-270.44
20439719,27212636,12/8/2022 16:03,1674897,421.43
20477945,25447466,9/29/2022 22:21,1592109,-381.79
20505076,26152218,10/30/2022 17:21,1624692,725.89
20562994,25484970,10/3/2022 17:49,1603257,773.49
20566005,25489320,9/30/2022 1:28,1591748,8.68
20653165,25893027,10/17/2022 16:40,1615802,697
20725480,27737328,12/28/2022 1:12,1688258,-75.72
20818878,26588037,11/7/2022 20:22,1642009,216.11
20847171,25387660,10/6/2022 13:08,1603301,-271.56
20848011,26222147,10/25/2022 7:10,1624694,-144.02
20866500,25561612,10/2/2022 20:39,1592449,412.04
20989992,25308187,10/5/2022 13:43,1592474,450.45
21104916,26882562,11/18/2022 18:21,1652926,954.35
21245658,26870796,11/18/2022 12:59,1652908,716.81
21253481,26884255,11/18/2022 19:24,1652928,-692.82
21321711,26349603,11/7/2022 18:54,1643851,156.04
21415739,25540326,10/1/2022 23:06,1592675,164.11
21437896,27498404,12/17/2022 21:38,1687218,228.13
21545278,25170780,9/19/2022 16:07,1592409,595.7
21548135,25916714,10/24/2022 19:35,1617262,1450.82
21727357,27643343,12/23/2022 13:11,1687595,242.76
21770168,26285439,10/27/2022 17:50,1628316,779.67
21841039,26821992,12/6/2022 22:45,1675750,231.57
21852215,25448293,9/29/2022 14:59,1592541,958.84
21937973,25468353,9/29/2022 19:40,1592505,-242.55
22030866,26807133,11/17/2022 20:38,1652890,38.31
22170219,25384966,9/26/2022 22:46,1592066,1155.01
22176081,25394661,9/30/2022 19:06,1592720,958.65
22206823,27253766,12/23/2022 19:16,1685033,1260.14
22209908,25278734,9/28/2022 11:51,1592446,925.45
22242773,26423122,11/1/2022 19:06,1631976,176.01
22267432,27569348,12/19/2022 21:47,1683432,1027.36
22304988,25483268,10/3/2022 13:06,1592457,494.3
22340346,25785893,10/11/2022 1:16,1603318,500.25
22389152,26483013,11/9/2022 0:45,1642391,391.55
22408373,26695396,11/11/2022 14:16,1641938,648.31
22522224,25476436,10/3/2022 19:26,1592493,274.16
22524886,27151344,12/9/2022 14:25,1673660,305.56
22525215,25718023,10/8/2022 0:38,1608293,-117.42
22552120,27250984,12/20/2022 13:39,1683440,735.39
22565000,27455328,12/14/2022 6:03,1675896,472.91
22575972,25796886,10/11/2022 1:22,1603319,1605.94
22577068,25346611,9/25/2022 1:50,1592432,226.23
22625715,27296372,12/7/2022 17:17,1675755,1049.76
22732763,25462018,9/29/2022 3:01,1592711,547.8
22743460,27666926,12/24/2022 18:27,1688175,898.27
22753332,26930237,12/1/2022 16:42,1675723,49.65
22772609,26705364,11/11/2022 21:39,1645253,-138.1
22846357,27513421,12/19/2022 14:59,1683418,629.57
22873344,27248522,12/5/2022 16:38,1674796,828.62
22937599,26240124,11/7/2022 18:35,1642043,-134.8
22938558,26221369,11/1/2022 19:21,1631978,513.77
23034926,25435371,9/30/2022 21:41,1592659,-345.86
23150487,27471238,12/16/2022 0:50,1687211,965.93
23160094,27441617,12/13/2022 19:31,1675885,297.85
23167417,25478020,9/29/2022 19:24,1592619,143.38
23168249,25400741,10/5/2022 21:28,1592611,1752.47
23238691,27709988,12/27/2022 1:11,1688713,2.53
23334458,27580184,12/20/2022 8:00,1682604,5.89
23352526,25472682,9/29/2022 17:49,1592303,199.08
23387642,26853316,11/17/2022 16:38,1652867,581.48
23398953,25504329,10/3/2022 2:49,1603252,1072.05
23515498,25060390,9/20/2022 20:31,1589739,542.94
23517479,25215228,9/29/2022 19:55,1590348,927.96
23584529,27351775,12/9/2022 18:05,1675785,113.48
23626103,26479030,11/6/2022 20:39,1640814,-348.59
23641324,25502201,10/2/2022 0:23,1592684,956.82
23677320,25406648,9/28/2022 14:39,1592430,1165.14
23678293,25222038,9/29/2022 22:19,1591886,115.83
23770733,26099494,10/21/2022 20:29,1624733,402.89
23875001,25459890,9/30/2022 13:43,1590891,940.71
23877509,26320539,11/4/2022 19:39,1631993,656.13
23889667,26414897,11/2/2022 17:49,1631979,280.75
23982789,25531061,10/3/2022 1:18,1592454,213.33
24027636,27385704,12/12/2022 14:53,1687208,595.83
24068496,27547861,12/18/2022 19:32,1683406,140.5
24077312,25259176,9/22/2022 19:42,1592533,812.43
24143750,25450663,9/29/2022 16:38,1592162,-244.77
24213635,26351069,10/29/2022 18:58,1632008,628.91
24286811,25500894,10/3/2022 18:25,1591326,-100.82
24505722,25589305,10/30/2022 9:20,1631945,965.37
24527499,25244741,9/21/2022 14:26,1590325,155.37
24583383,25498388,9/30/2022 13:53,1592356,-168.43
24813588,25394128,9/26/2022 23:09,1591049,546.16
24821310,26201686,10/27/2022 0:40,1624679,23.47
24933555,25210963,9/20/2022 16:53,1592428,-11.57
24946634,25616456,10/30/2022 19:21,1624726,822.19
25045075,27531642,12/17/2022 20:12,1687217,-4.31
25063573,26669711,11/10/2022 16:36,1642693,-267.11
25067094,27620877,12/22/2022 22:18,1687583,172.24
25083167,27293920,12/8/2022 16:43,1675770,520.86
25083608,27342786,12/14/2022 16:41,1679787,-0.07
25132131,26382342,11/3/2022 17:50,1631971,963.47
25152570,26121657,10/22/2022 20:02,1624711,579.94
25157783,25249192,9/29/2022 20:54,1592734,673.29
25179461,25200189,9/23/2022 14:57,1591398,290.6
25192585,24987255,9/15/2022 18:29,1592518,355.8
25328857,25700723,10/10/2022 14:56,1608439,-15.55
25344678,25575721,10/12/2022 22:43,1603276,-17.93
25378648,25296577,10/2/2022 16:37,1592694,638.81
25479113,25396428,9/27/2022 0:05,1590029,961.16
25502544,26349387,11/10/2022 17:12,1642697,408.89
25524693,25888036,10/26/2022 21:47,1624677,83.99
25656669,24731033,9/27/2022 15:28,1591297,1422.12
25733524,26885800,11/18/2022 22:03,1652937,179.99
25749096,27599247,12/22/2022 23:28,1687585,-3.51
25777746,25342136,9/27/2022 3:15,1592566,179.2
25828031,25565960,10/2/2022 23:17,1591851,647.66
25845363,25859431,10/12/2022 20:06,1603271,-363.15
25923367,26123810,10/25/2022 17:17,1624700,-246.89
25977113,25501932,10/2/2022 2:12,1592687,-248.85
26016211,25239706,9/21/2022 17:45,1590899,823.73
26025246,25498972,9/30/2022 13:12,1591866,-212.69
26091749,25806903,10/13/2022 17:08,1609075,203.85
26130115,27071027,11/27/2022 15:53,1675716,-8.58
26206577,26207833,10/24/2022 20:36,1624743,-10.45
26211940,27615808,12/22/2022 20:54,1686109,356.35
26231351,25292052,9/23/2022 0:18,1590113,274.34
26239198,25556662,10/11/2022 20:25,1601094,155.76
26242341,26241880,10/25/2022 22:06,1628328,-78.48
26254213,26454798,11/2/2022 20:04,1631988,-3.61
26297986,25317595,9/25/2022 15:11,1592379,1678.87
26298789,25280945,9/29/2022 20:37,1590045,211.89
26317585,27220452,12/5/2022 13:54,1675261,59.49
26354202,26072112,10/24/2022 15:30,1616652,-64.43
26368343,25528473,10/1/2022 15:37,1592290,336.17
26388875,25380329,9/27/2022 1:39,1591317,1062.89
26437453,25508752,9/30/2022 19:56,1592595,272.83
26450816,25984855,11/1/2022 22:43,1627989,-148.75
26451284,25449689,9/29/2022 19:38,1591333,680.62
26459601,25535103,10/1/2022 20:10,1592401,398.29
26510218,26749612,11/17/2022 19:36,1652886,-57.23
26577066,25703572,10/7/2022 20:16,1608851,1163.71
26579719,26295154,11/1/2022 13:30,1628168,480.77
26607039,26100402,10/23/2022 2:11,1618237,1065.79
26625611,25466419,9/30/2022 7:23,1592554,455.79
26651628,25004969,10/1/2022 16:06,1590626,250.32
26700468,25451573,9/30/2022 12:33,1592555,572.13
26707460,27526650,12/27/2022 16:17,1688731,100.32
26788634,26287015,10/30/2022 15:10,1644062,790.21
26801068,25473420,9/29/2022 16:07,1592630,1203.32
26842409,25335011,9/24/2022 17:59,1592385,524.22
26878689,24595061,9/13/2022 20:16,1591319,-7.69
26881957,26860789,11/17/2022 21:06,1652892,633.37
26908339,26361697,10/31/2022 20:20,1631967,45.01
26949518,25309827,9/30/2022 22:17,1592663,615.43
26961292,27076892,11/27/2022 22:11,1675718,9.38
26961461,25281533,9/22/2022 22:13,1591306,-73.03
26981069,26583597,11/11/2022 1:13,1642351,-255.8
26997562,26894092,12/16/2022 16:25,1677134,-254.93
27020907,26401506,10/31/2022 21:36,1631153,-147.6
27044931,27684822,12/26/2022 20:30,1686180,639.77
27060081,25210346,10/1/2022 2:39,1591874,974.25
27126305,27245107,12/5/2022 15:23,1674792,370.77
27135424,25067459,9/29/2022 20:47,1592368,-185.24
27263454,25778432,10/10/2022 13:51,1601561,404.59
27313110,25786377,10/10/2022 20:35,1603305,-96.63
27333594,25337188,9/28/2022 14:02,1592429,402.3
27394661,26674485,11/10/2022 19:00,1642340,5.68
27416583,23163572,9/14/2022 20:13,1591322,538.28
27427688,26247927,10/31/2022 2:04,1631918,326.02
27465251,26130483,10/24/2022 16:04,1624740,362.03
27488078,25393655,9/26/2022 22:48,1590373,675.39
27503635,25357477,10/4/2022 12:34,1592319,563.01
27504555,25382642,9/26/2022 15:51,1592362,-95.03
27536001,25309442,10/1/2022 20:44,1592093,896.22
27604422,27734482,12/27/2022 23:43,1688253,567.63
27605722,25555797,10/3/2022 17:14,1591315,818.33
27647404,25578744,10/12/2022 2:55,1609073,-122.5
27653035,25199080,9/30/2022 6:24,1592552,263.66
27678919,25334425,9/24/2022 22:13,1592038,519.41
27702432,26516928,11/10/2022 16:58,1642695,356.28
27708686,25061558,9/22/2022 17:45,1590314,-313.42
27713149,25143776,9/17/2022 19:08,1589623,379.16
27718676,25460526,9/29/2022 20:02,1592620,784.74
27815989,25521094,10/1/2022 4:33,1591197,-146.41
27846554,25225289,10/1/2022 14:51,1592348,804.03
27895517,25038039,10/1/2022 13:22,1591499,196.39
27988062,26587056,11/11/2022 14:33,1641859,6.21
27996406,25567839,10/3/2022 16:27,1592577,-171.47
28012950,25108839,10/3/2022 16:46,1591325,875.65
28012959,26226421,10/25/2022 14:58,1624699,511.16
28041772,27520986,12/20/2022 17:47,1686060,-57.71
28061310,25282393,9/22/2022 18:48,1592435,867.11
28069869,26369368,10/30/2022 16:06,1629701,503.76
28071691,25124397,9/28/2022 0:41,1590450,493.01
28075930,24380774,9/20/2022 20:14,1592345,-220.91
28077395,26588449,11/7/2022 21:18,1638758,1016.72
28080249,25460100,9/29/2022 2:11,1592710,387.71
28106542,26812340,11/18/2022 18:18,1652925,474.42
28155217,26391832,10/31/2022 14:25,1631965,-6.02
28161359,26720833,11/12/2022 15:52,1639901,6.55
28161775,25479729,9/29/2022 20:35,1592637,281.39
28167237,25052814,9/30/2022 19:59,1598755,-188.8
28205287,25209292,10/4/2022 22:41,1592327,446.01
28220864,26171304,10/31/2022 19:09,1624706,533.29
28223540,25531443,10/1/2022 17:22,1592375,-32.35
28238497,26177052,10/24/2022 20:32,1628112,-187.91
28249796,25536268,10/2/2022 16:35,1603269,1309.49
28257622,26547046,11/9/2022 20:22,1641950,145.85
28258206,25358170,9/28/2022 14:08,1592599,-142.25
28259909,25712941,10/9/2022 21:51,1603302,-97.22
28266438,27284729,12/7/2022 2:07,1673611,-89.31
28273939,25462545,10/3/2022 17:18,1598751,398.34
28285222,24705930,9/12/2022 22:33,1591323,222.1
28287279,26442419,11/12/2022 15:40,1642375,982.98
28293288,27322160,12/13/2022 18:51,1675882,871.28
28295528,25444340,9/28/2022 15:33,1592040,839.41
28301479,25444883,10/1/2022 15:50,1592291,-274.93
28307505,27704540,12/26/2022 22:18,1688702,1663.19
28310406,24702977,9/19/2022 13:48,1589979,765.77
28310799,26019758,10/18/2022 13:08,1618227,581.66
28311830,25710811,10/18/2022 17:08,1611449,532.78
28343310,26685478,11/11/2022 1:55,1641933,216.6
28364768,25528393,10/1/2022 16:06,1591849,218.17
28399841,25454387,10/4/2022 0:02,1592364,-110.22
28421990,25005293,9/28/2022 21:58,1592408,572.38
28443737,25378508,9/26/2022 12:33,1592616,113.1
28507286,25429124,11/5/2022 12:10,1632023,656.22
28519093,25105652,9/30/2022 7:14,1592553,119.76
28523802,26334648,10/29/2022 1:10,1632000,580.99
28529836,25302944,9/23/2022 13:06,1603268,502.55
28535175,25035997,9/14/2022 15:50,1592369,1438.82
28548788,25529531,10/1/2022 16:22,1592395,-33.97
28559546,25305957,9/26/2022 22:19,1592613,1067.29
28563986,24486868,9/15/2022 19:31,1592059,301.13
28573521,25424506,9/30/2022 22:19,1592664,556.96
28578737,26063493,10/19/2022 21:32,1616999,-699.82
28613756,24609598,10/2/2022 21:47,1592703,64.77
28622304,25501128,10/4/2022 15:47,1592042,715.69
28625504,25290706,9/29/2022 22:25,1592110,-183.29
28631070,25488176,10/1/2022 0:45,1598756,106.17
28632363,25239844,9/29/2022 22:23,1592624,-205.1
28657887,25447211,9/29/2022 12:48,1592090,1996.73
28672973,26129619,10/21/2022 21:11,1618172,-64.64
28678928,25451365,9/28/2022 22:56,1592513,1057.94
28679175,26210775,10/29/2022 17:50,1624722,74.89
28693049,25522933,10/1/2022 6:26,1591199,408.34
28700411,25412971,9/28/2022 10:24,1591996,605.02
28706743,24649988,9/28/2022 20:46,1592647,74.8
28706790,25505857,10/3/2022 12:48,1592455,243.11
28707085,25283716,9/29/2022 15:08,1592543,647.22
28763828,25382137,9/29/2022 18:05,1592443,1094.15
28773249,25337433,9/24/2022 19:55,1603239,107.87
28779710,27567272,12/20/2022 1:25,1682603,1159.07
28785507,25335635,9/30/2022 15:59,1592589,-78.58
28787792,27342695,12/11/2022 16:05,1675817,291.96
28792040,25002740,10/1/2022 1:08,1592465,783.5
28801990,24957378,9/27/2022 20:53,1591318,458.77
28805171,25746583,10/23/2022 22:59,1624737,1139.39
28806354,25287434,9/27/2022 17:59,1589521,740.98
28807847,25442684,9/28/2022 14:13,1591005,-82.01
28815838,25322877,10/1/2022 23:52,1591853,1125.37
28828402,25484314,9/29/2022 22:15,1592622,514.43
28831517,26721823,11/18/2022 16:17,1652918,454.09
28848655,25263602,10/5/2022 16:11,1592331,748.29
28849389,26678022,11/12/2022 22:06,1642382,-305.41
28850559,25369733,9/27/2022 0:13,1592551,-75.34
28902899,24954043,9/27/2022 20:38,1592564,-437.19
28924874,25455887,9/28/2022 22:47,1592512,-364.02
28935369,25980855,10/17/2022 0:10,1622869,13.57
28935708,25418065,9/27/2022 21:44,1589974,689.6
28941282,24945851,10/5/2022 16:34,1592334,638.95
28944086,25311467,9/26/2022 22:18,1592612,752.18
28944820,24932042,9/29/2022 16:07,1592631,633.63
28947732,25473977,9/29/2022 16:11,1592632,263.95
28951786,25030285,9/20/2022 21:57,1592484,2082.48
28957165,24955408,9/30/2022 15:46,1592557,-10.12
28960492,25470194,9/29/2022 13:35,1592537,387
28962929,27102190,12/5/2022 15:35,1674793,588.98
28969953,25024539,9/19/2022 13:22,1592602,66.93
28970154,25421194,9/29/2022 19:28,1592072,1307.21
28974462,25657993,10/8/2022 2:28,1603249,840.32
28979705,25340194,9/30/2022 22:22,1592463,1009.5
28982983,25394448,10/11/2022 21:04,1603260,96.47
28985288,25421627,9/30/2022 2:17,1590937,14.68
28992748,25410699,10/17/2022 19:33,1608233,106.37
28992778,25472417,9/29/2022 15:33,1591816,608.22
28995936,25401265,9/27/2022 2:57,1591302,-692.64
29003577,25481216,10/5/2022 16:58,1592336,745.87
29010521,25580548,10/11/2022 18:06,1609115,-73.12
29011998,25051394,9/14/2022 13:30,1591811,57.21
29012892,25017930,9/13/2022 16:49,1592002,1009.64
29018138,25198596,9/28/2022 14:01,1591168,-38.06
29018168,25058486,10/4/2022 23:16,1592329,51.14
29021197,25450354,9/28/2022 20:07,1592488,997.09
29024892,25732286,10/8/2022 18:10,1603244,84.33
29025175,25113888,10/25/2022 13:33,1618290,187.83
29027898,25046949,9/15/2022 1:21,1592420,580.81
29029555,25153639,9/29/2022 15:38,1592628,-87.16
29030226,25250036,9/22/2022 15:59,1589422,508.02
29032147,25055100,9/23/2022 22:45,1592725,-46.19
29045631,25883948,10/13/2022 15:51,1618220,410.88
29045904,25058805,9/14/2022 18:26,1592569,550.58
29047626,25281986,9/22/2022 18:14,1591876,511.01
29048486,25060725,9/26/2022 15:22,1589473,631.15
29052751,25065451,9/14/2022 22:25,1592676,453.4
29054865,25158682,9/21/2022 15:40,1592470,1016.09
29055254,25712358,10/15/2022 21:28,1608160,-149.13
29055718,26150393,10/24/2022 20:38,1625374,-345.21
29055806,25106353,10/5/2022 14:27,1592476,510.06
29057397,25099529,9/27/2022 19:02,1592062,-35.07
29057779,25391553,9/26/2022 21:53,1591273,362.84
29059117,25262131,10/15/2022 17:31,1622966,1379.71
29062219,25192043,9/26/2022 19:20,1592731,402.1
29067676,25528609,10/1/2022 15:37,1591340,-322.13
29070310,26667967,12/10/2022 18:35,1675806,-380.63
29071758,26401612,11/2/2022 21:43,1631990,-6.4
29076213,26268329,11/2/2022 23:43,1631942,-64.71
29081708,25357256,9/29/2022 2:55,1592086,888.25
29093035,25165430,9/27/2022 18:56,1592572,-2.17
29093230,25118283,10/5/2022 20:01,1592604,378.57
29095564,25579327,10/4/2022 18:11,1592504,-257.56
29095582,25130080,9/28/2022 18:16,1592424,-57.23
29099151,25128501,9/28/2022 20:44,1591841,-121.99
29100119,25391277,9/27/2022 19:17,1592433,649.55
29100222,26186664,10/24/2022 0:25,1631972,584.33
29101751,25583645,10/3/2022 17:37,1592728,-51.57
29103363,25208485,10/27/2022 17:57,1624714,-321.5
29105544,25447557,10/4/2022 18:06,1592502,985.86
29112324,25430363,9/28/2022 1:08,1590067,-45.48
29113765,25175846,9/19/2022 0:11,1592678,171.32
29115466,25254816,9/30/2022 12:43,1591888,765.1
29116272,25164004,9/27/2022 19:00,1592573,972.56
29118032,25147781,10/6/2022 18:53,1603253,-361.27
29118217,25521706,10/1/2022 4:40,1592673,1066.73
29118716,25307241,9/24/2022 18:45,1590539,753.68
29120382,25147668,10/5/2022 14:31,1592477,617.03
29123113,25420073,10/1/2022 20:33,1589546,335.63
29125144,25756784,10/9/2022 16:41,1601029,757.59
29126766,25153440,10/3/2022 17:44,1591316,52.96
29129264,25167388,9/27/2022 7:23,1592545,1054.56
29130925,25420471,10/1/2022 15:08,1592350,-487.55
29134337,25315031,10/1/2022 16:57,1592294,-53.03
29135485,25211366,9/23/2022 20:50,1591822,273.89
29135805,25545177,10/2/2022 2:14,1592688,476.53
29136610,25166956,9/28/2022 18:14,1592423,-89.32
29141054,25580364,10/3/2022 15:47,1591344,-75.88
29143295,25535460,10/2/2022 20:46,1592451,1433.03
29144633,25209680,9/26/2022 15:38,1592360,348.97
29147308,25257806,10/3/2022 16:33,1592578,-514.95
29149078,25432692,9/30/2022 10:30,1592526,1027.67
29153149,25472199,9/29/2022 15:04,1592542,899.5
29155262,25283789,10/1/2022 15:55,1591848,-288.3
29162038,26462628,11/11/2022 0:50,1641986,-22.02
29169479,25205329,10/4/2022 15:29,1592041,102.47
29171049,25607470,10/4/2022 13:59,1592495,389.87
29171585,25365609,9/28/2022 0:36,1591813,-15.14
29172890,25404139,9/27/2022 5:29,1591303,599.51
29174834,25224545,9/21/2022 17:48,1592459,855.06
29175258,25555105,10/4/2022 16:04,1592497,1591.27
29180298,25216987,9/22/2022 16:37,1592535,276.89
29180421,26368913,11/8/2022 18:29,1641923,193.82
29184735,25393851,9/27/2022 0:04,1592614,742.04
29185264,25220355,9/24/2022 15:46,1592677,633.12
29186963,25902017,10/24/2022 14:11,1618251,-93.95
29189184,25306277,10/1/2022 16:03,1591341,1646.94
29189276,26105993,10/21/2022 0:15,1624712,-48.97
29193756,25244564,9/26/2022 13:04,1592481,-0.29
29195354,25543312,10/16/2022 13:40,1617684,-519
29195623,27276716,12/9/2022 21:52,1686019,392.97
29196367,25232205,9/28/2022 19:15,1592426,-231.46
29198350,25473514,9/29/2022 17:47,1592300,925.87
29202950,25262030,9/22/2022 0:15,1592383,397.73
29203113,25243797,9/27/2022 21:28,1592708,635.39
29203419,25258145,9/29/2022 17:48,1592302,-202.83
29204174,25245977,9/27/2022 17:54,1592571,142.03
29209562,25482831,9/30/2022 21:39,1592658,35.15
29209642,25490288,10/12/2022 0:27,1616316,629.29
29211806,25263325,9/29/2022 20:20,1592507,477.9
29212157,25526678,10/1/2022 14:07,1592286,-62.78
29213075,25518856,10/1/2022 2:10,1592670,59.55
29213566,25337452,10/15/2022 15:49,1607834,-327.39
29214625,25261594,9/21/2022 23:59,1591800,-73.7
29215804,27531391,12/17/2022 20:06,1681824,-23.82
29220080,25399115,9/29/2022 22:14,1591884,-83.97
29220163,25263986,10/3/2022 20:05,1591328,15.52
29221387,25266040,9/22/2022 4:57,1590388,324.46
29223293,25287508,9/29/2022 13:59,1592313,-344.98
29223701,25283194,10/3/2022 17:44,1592729,126.38
29226869,25638138,10/11/2022 21:11,1603261,291.44
29227592,25274245,9/27/2022 22:52,1592706,239.71
29228446,25342522,10/6/2022 0:46,1592344,-341.52
29229220,25276895,9/22/2022 16:03,1592598,717.8
29233437,25340715,9/28/2022 14:43,1592053,-288.24
29233707,25312972,10/8/2022 19:28,1618175,564.28
29236143,25285300,9/29/2022 5:55,1591842,790.92
29237536,25288277,9/27/2022 20:51,1591807,-405.55
29237621,25290976,9/27/2022 21:11,1592298,1284.45
29238015,26520354,11/18/2022 0:50,1652900,-131.41
29238263,25290693,10/3/2022 16:51,1592580,810.82
29241994,25293015,9/28/2022 20:53,1592034,983.58
29242268,25410322,9/28/2022 20:55,1592407,1126.04
29246061,26248287,10/28/2022 15:29,1631950,479.7
29252035,25331162,9/30/2022 15:57,1592655,-546.87
29258129,25410507,10/17/2022 21:07,1624878,1055.23
29259887,25373845,9/29/2022 0:17,1592436,377.34
29260937,25463659,9/30/2022 20:56,1603309,664.27
29264997,25319633,9/29/2022 7:21,1592437,860.63
29266023,25423895,10/4/2022 17:14,1591837,1006.51
29266707,25322912,9/25/2022 15:32,1590694,326.15
29271154,25349064,9/30/2022 21:43,1592660,-629.06
29272642,25381631,9/28/2022 18:31,1591999,-311.81
29275470,25333702,9/26/2022 18:47,1591364,1525.35
29276511,25340674,9/24/2022 21:28,1592617,636.98
29279121,25338710,10/1/2022 20:05,1592400,130
29279978,25341543,9/29/2022 13:28,1592439,889.53
29280011,25349468,9/28/2022 23:19,1592713,625.86
29280449,25356016,9/30/2022 23:58,1592668,123.75
29281993,25350429,9/25/2022 21:58,1589529,10.39
29282766,25862876,10/12/2022 21:51,1608226,749.78
29284729,25344861,9/25/2022 0:40,1591114,717.31
29285225,25684610,10/7/2022 14:50,1603290,549.83
29286412,25346915,9/29/2022 17:02,1592650,451.34
29287340,25350022,9/29/2022 20:58,1592309,-169.77
29289267,25389800,9/30/2022 1:02,1592461,962.3
29292280,25759693,10/9/2022 19:03,1600557,791.34
29293858,25397381,9/28/2022 13:08,1589582,636.96
29294324,25356329,10/3/2022 15:33,1592574,-197.63
29295520,25472352,9/29/2022 15:35,1592627,915.04
29295724,25372065,9/26/2022 4:14,1591998,930.18
29297234,25474181,9/29/2022 17:02,1592651,494.28
29297262,25359946,9/25/2022 18:38,1591301,919.59
29298200,27459188,12/22/2022 23:42,1686741,110.73
29298282,25362558,9/25/2022 20:58,1592565,194.81
29299067,25577629,10/3/2022 13:05,1592456,380.54
29299292,25371205,9/29/2022 15:39,1592629,1352.65
29301806,26151440,10/23/2022 23:52,1622998,133.15
29302150,25540165,10/7/2022 15:31,1624695,439.48
29302317,25365735,9/29/2022 22:18,1591885,-143.15
29305812,25692481,10/31/2022 11:38,1631920,41.79
29307878,25475221,10/1/2022 16:45,1592292,673.38
29308219,25503035,9/30/2022 19:16,1592722,834.2
29314293,25483953,10/5/2022 19:46,1603293,724.13
29315956,25435951,9/28/2022 4:33,1592532,1208.05
29317171,25394886,9/29/2022 15:44,1592314,698.22
29319060,25395695,9/29/2022 15:22,1592626,830.27
29319563,25567139,10/3/2022 13:21,1592547,-5.51
29320512,25479402,9/29/2022 20:17,1592074,193.84
29322010,25387973,9/26/2022 20:04,1592027,-252.06
29323378,26214413,10/31/2022 19:24,1624707,-56.51
29323485,25430816,9/28/2022 1:44,1591321,2062.53
29323494,25419270,9/27/2022 20:55,1592707,963.59
29325614,25393466,9/28/2022 13:55,1592639,135.33
29326235,26021468,10/20/2022 15:18,1617054,894.84
29327172,25397588,10/4/2022 21:24,1592472,-278.71
29328083,26306694,10/30/2022 22:30,1631946,-77.82
29328263,25401796,9/27/2022 19:47,1592346,370.66
29328981,25402299,9/29/2022 16:21,1603298,324.84
29329181,25561426,10/2/2022 20:40,1592099,936.69
29329584,26322194,10/29/2022 0:31,1624687,-437.23
29332954,25450677,9/28/2022 20:08,1592033,762.61
29337200,25410144,9/30/2022 19:03,1592719,849.1
29339802,25428790,9/28/2022 0:26,1592487,1244.54
29339995,25463148,9/29/2022 16:35,1592633,743.49
29341652,25505548,9/30/2022 18:23,1592716,135.73
29343637,25416695,10/3/2022 15:29,1591881,1617.03
29347934,25518098,10/24/2022 18:14,1624734,313.16
29349543,25489886,9/30/2022 1:24,1592601,-193.97
29352493,25427391,9/28/2022 18:48,1592425,1027.17
29352631,25432881,10/3/2022 17:59,1592489,124.46
29352962,25430056,9/28/2022 23:14,1592712,296.82
29356439,25501135,9/30/2022 16:30,1592347,638.51
29358552,25479381,10/1/2022 19:55,1592399,350.2
29358701,26985568,12/9/2022 22:38,1675378,1487.74
29358981,25457256,10/3/2022 16:17,1592576,-657.25
29366492,25446227,10/4/2022 14:12,1591827,854.22
29367454,25700163,10/12/2022 18:56,1608422,28.43
29369755,25478814,9/29/2022 19:09,1592070,2.42
29371182,25462488,9/29/2022 2:52,1589481,653.11
29371307,25504256,10/12/2022 20:27,1603273,-119.12
29371699,25464025,9/29/2022 3:41,1592087,-403.08
29372276,25857702,10/13/2022 2:14,1609335,8.75
29373170,25456637,9/28/2022 23:46,1592714,401.14
29373239,25551892,10/3/2022 14:05,1592548,322.91
29374316,25458399,10/4/2022 16:16,1592500,1527.02
29376252,25459780,9/29/2022 15:28,1591683,784.75
29376361,25488062,9/30/2022 1:24,1592075,516.53
29377022,25460913,10/3/2022 12:11,1592416,-239.85
29377572,25505692,10/11/2022 21:45,1603262,-159.84
29377607,25461665,10/5/2022 22:46,1592338,886.66
29379763,25501126,9/30/2022 21:37,1592657,746.34
29380935,25994449,10/21/2022 18:11,1617004,2.79
29381268,25723061,10/8/2022 18:40,1603246,-97.1
29384057,25919382,10/14/2022 19:42,1616616,25
29384827,25505426,9/30/2022 18:26,1592717,319.4
29384939,25479319,9/29/2022 19:57,1592506,-300.16
29388758,25509108,10/1/2022 16:32,1592724,375.94
29390123,25478739,9/29/2022 19:10,1592071,322.62
29390221,25484876,10/1/2022 13:28,1592394,224.98
29391415,25479722,10/3/2022 15:07,1592486,72.12
29391890,25590112,10/10/2022 1:43,1598705,6.94
29392535,25487325,9/30/2022 0:15,1592392,1158.32
29393099,26312395,11/4/2022 21:37,1631995,-103.28
29394091,25582032,10/3/2022 17:18,1592583,292.43
29395628,25703438,10/7/2022 15:36,1598726,344.74
29396198,25582179,10/3/2022 17:02,1592581,651.22
29396300,25486223,9/30/2022 0:09,1592390,314.44
29396516,25487414,9/30/2022 3:23,1592531,222.95
29397668,26107233,10/21/2022 12:13,1617234,185.05
29397967,25490619,9/30/2022 2:09,1592510,575.14
29398288,25504712,9/30/2022 18:27,1592718,595.73
29401512,25502129,10/3/2022 12:22,1592417,395.32
29401874,25501774,9/30/2022 15:19,1592588,75.2
29406081,25499017,9/30/2022 13:07,1592529,204.53
29407780,25500829,10/18/2022 18:31,1616917,893.88
29411261,25504890,9/30/2022 19:11,1592721,114.45
29415446,25566113,10/2/2022 23:56,1598758,47.81
29420006,25564602,10/3/2022 16:50,1592579,1133.69
29420981,25517449,10/1/2022 1:34,1592060,-441.39
29421171,25680370,10/6/2022 21:42,1603237,1182.76
29422446,25558638,10/6/2022 2:02,1598753,120.15
29426609,25528401,10/1/2022 20:13,1592402,186.71
29427535,25523710,10/1/2022 8:35,1592393,-242.6
29428537,25530441,10/5/2022 23:26,1592339,-68.64
29429710,25543731,10/2/2022 21:38,1592701,112.29
29430823,25536650,10/2/2022 12:27,1592691,522.84
29431274,26330459,10/29/2022 0:15,1624685,127.08
29433977,25533365,10/1/2022 18:52,1592397,-147.53
29434825,25538650,10/1/2022 21:53,1592413,1118.07
29435281,25533712,10/1/2022 18:54,1592398,-127.19
29436445,25537494,10/1/2022 21:24,1592412,811.17
29437661,25529261,10/4/2022 1:33,1592022,-440.83
29437716,25536255,10/2/2022 0:18,1592683,-104.89
29438198,25541567,10/2/2022 19:21,1592587,1063.96
29438229,25541183,10/1/2022 23:32,1592682,402.43
29438816,25540190,10/6/2022 0:20,1592342,-15.64
29439426,25598001,10/4/2022 2:09,1592024,419.4
29439583,25545064,10/2/2022 2:24,1592690,-73.39
29441077,25542798,10/2/2022 0:37,1592371,-67.94
29441379,25548042,10/2/2022 21:29,1592699,-87.26
29441692,25554635,10/2/2022 16:59,1592695,-287.23
29445921,26028132,10/23/2022 19:06,1617578,-42.56
29447770,25585719,10/3/2022 18:58,1592017,89.02
29449836,25594030,10/4/2022 22:45,1592328,727.87
29450420,25553695,10/5/2022 13:12,1592005,429.13
29450793,25580152,10/10/2022 22:18,1601618,23.6
29451898,25554979,10/3/2022 18:06,1592490,-81.55
29453563,25557263,10/2/2022 17:55,1592355,-41.95
29453817,25558791,10/2/2022 18:40,1592698,942.78
29455717,25558896,10/3/2022 15:21,1591342,-65.89
29458175,25562110,10/3/2022 16:34,1591857,-152.56
29458436,25584928,10/5/2022 14:20,1592008,19.6
29459374,25563997,10/5/2022 21:22,1592609,92.05
29459861,25565254,10/3/2022 17:23,1591832,-45.55
29461249,25904469,10/26/2022 14:26,1624730,-18.1
29471807,25856430,10/12/2022 18:14,1608855,25.38
29475470,26507106,11/11/2022 15:59,1642362,-36.85
29482601,27468548,12/14/2022 22:54,1681750,426.46
29484165,25593923,10/4/2022 0:30,1592366,234.86
29497244,25612519,10/4/2022 17:11,1592323,333.08
29502869,25615476,10/4/2022 19:55,1592326,1195.05
29528216,26592656,11/17/2022 17:18,1652871,371.22
29528526,25658058,10/6/2022 13:33,1603285,188.08
29530846,26483017,11/10/2022 23:28,1642014,-41.78
29533285,25848503,10/12/2022 13:00,1608183,1874.48
29534325,25757795,10/9/2022 22:07,1600689,-139.67
29535222,25701397,10/8/2022 17:41,1600550,1105.06
29538184,25683487,10/6/2022 21:47,1608902,620.04
29540535,26106556,10/23/2022 14:33,1617323,445.65
29540781,25784978,10/12/2022 20:11,1603272,682.53
29541103,26069779,10/27/2022 19:48,1623137,516.18
29552111,27440007,12/13/2022 18:12,1679731,-147.44
29553033,25689314,10/9/2022 1:03,1603255,1137.55
29553744,25679112,10/9/2022 20:38,1601486,444.81
29562028,27597907,12/22/2022 20:53,1687580,527.11
29568244,25701228,10/8/2022 15:37,1603296,9.11
29570551,26145983,10/26/2022 13:41,1628149,-231.11
29575722,27300281,12/9/2022 20:54,1674984,-24.49
29582224,25859106,10/12/2022 19:40,1608510,601.25
29588119,25922595,10/14/2022 20:32,1617264,-210.97
29588289,27657701,12/23/2022 21:07,1685780,292.21
29589044,25727014,10/8/2022 13:02,1607906,1648.15
29594137,26396320,11/1/2022 13:59,1631973,240.54
29595745,25968158,10/29/2022 15:00,1622890,30.37
29599491,27320905,12/8/2022 14:39,1674891,1596.54
29600714,25746948,10/9/2022 3:35,1603256,1007.45
29602338,26072553,10/21/2022 15:29,1617169,18.61
29604878,25746831,10/12/2022 23:57,1603278,-26.7
29606741,26399085,10/31/2022 19:59,1631939,1215.54
29607532,26009167,10/29/2022 16:22,1624719,-536.2
29627920,25792273,10/10/2022 23:13,1601527,-362.4
29631707,25776138,10/10/2022 10:02,1601006,1368.75
29635532,25779147,10/10/2022 14:53,1600986,820.59
29642281,25789386,10/10/2022 21:40,1601068,197.67
29643539,25807782,10/12/2022 19:58,1607676,844.24
29643972,25887918,10/15/2022 13:43,1612202,-39
29644116,26320738,10/28/2022 15:42,1633168,-551.97
29647416,25794037,10/12/2022 1:18,1608239,152.96
29657870,26682976,11/18/2022 15:11,1652915,299.99
29660483,25862839,10/12/2022 22:15,1603275,318.96
29665184,25819927,10/11/2022 21:08,1609059,372.61
29669358,26135179,10/25/2022 1:25,1618285,-83.81
29671944,26280060,11/7/2022 14:05,1641901,-107.02
29672141,27486209,12/15/2022 16:27,1675916,-126.23
29673734,25828712,10/12/2022 7:35,1608524,-30.7
29676189,25831485,10/24/2022 21:53,1631975,566.41
29686058,25874341,10/20/2022 19:22,1618229,-352.67
29690944,25864635,10/20/2022 3:46,1616998,34.64
29702880,26156296,10/29/2022 17:19,1631933,478.56
29703589,25883724,10/13/2022 15:59,1603283,355.62
29709189,26267571,10/27/2022 15:21,1632004,-54.49
29712222,25890283,10/13/2022 22:03,1606839,539.16
29714868,25892185,10/13/2022 21:32,1608728,34.01
29721705,26379037,11/2/2022 19:12,1631980,357.65
29722308,25902565,10/16/2022 1:06,1623244,-96.72
29728830,25911864,10/23/2022 22:52,1616744,1212.32
29729383,25910321,10/21/2022 18:52,1622943,782.22
29734248,25916404,10/20/2022 18:50,1618228,-329.74
29736929,25992324,10/19/2022 15:36,1618263,-132.59
29738474,26276433,10/27/2022 17:08,1625193,797.45
29752350,26156233,10/22/2022 20:51,1617215,-237.46
29756321,25953304,10/25/2022 19:01,1618296,-56.87
29756518,25944425,10/21/2022 17:21,1624697,314.51
29763517,25946960,10/19/2022 19:35,1617238,-39.34
29773358,26271520,10/26/2022 22:03,1632006,109.01
29777942,25999825,10/22/2022 16:23,1623915,706.15
29780623,25975299,10/16/2022 20:04,1618216,7.08
29780748,25983785,10/18/2022 22:58,1618234,32.03
29781443,25978487,10/16/2022 22:16,1617509,48.38
29783771,25979952,10/22/2022 19:38,1616725,682.06
29793780,26055175,10/29/2022 18:35,1632018,77.91
29794513,26056271,10/25/2022 1:55,1618286,134.39
29795470,25994996,10/17/2022 15:06,1616951,272.34
29795616,26624892,11/9/2022 1:01,1640312,1102.58
29806162,26262456,10/26/2022 15:52,1624732,-73.41
29816180,26160722,10/22/2022 23:47,1624696,1017.16
29823625,26026788,10/24/2022 15:37,1618252,-118.96
29830077,26036752,10/18/2022 22:54,1618233,10.32
29832317,26040920,10/30/2022 20:13,1624727,234.74
29832788,26062624,11/2/2022 21:57,1631941,-516.25
29833970,26069493,10/20/2022 22:23,1623357,682.27
29835120,26305272,11/5/2022 13:29,1632024,-102.68
29838925,26272269,10/29/2022 14:53,1624704,1607.26
29842821,26476980,11/3/2022 17:23,1628588,-3.28
29843548,26058023,10/24/2022 19:25,1624729,704.7
29847090,27598028,12/21/2022 1:20,1687234,1267.15
29850887,26580254,11/7/2022 14:32,1632817,-11.38
29854405,26071368,10/24/2022 2:47,1631925,168.74
29863480,26629434,11/9/2022 3:40,1641876,329.51
29868766,26323664,10/28/2022 18:22,1632027,1133.15
29873206,26269350,10/26/2022 20:18,1628872,429.15
29875492,26113230,10/21/2022 22:52,1616735,-122.94
29877544,27396473,12/11/2022 22:19,1675831,586.36
29877669,26103659,10/20/2022 22:58,1622871,-153.89
29879040,26120475,10/27/2022 14:26,1628222,111.92
29880501,26107215,10/21/2022 19:18,1631935,-403.98
29880852,26331327,10/30/2022 21:09,1632003,943.33
29889004,26194627,10/24/2022 8:17,1618250,189.81
29891858,26120686,10/21/2022 15:23,1632015,652.19
29893934,26315542,10/28/2022 6:41,1641848,-19.65
29898688,26127483,10/26/2022 19:17,1628538,944.59
29898887,26131206,10/29/2022 17:13,1631932,469.5
29900109,26911632,11/27/2022 16:59,1675717,-144.89
29917508,27307382,12/11/2022 14:51,1675815,295.44
29917940,26154496,10/25/2022 5:38,1624238,534.28
29918583,26184450,10/31/2022 20:30,1631940,29.58
29920397,26266687,10/26/2022 21:46,1631938,-713.33
29924266,26222332,10/25/2022 7:53,1623170,904.25
29924356,26159713,10/22/2022 22:59,1631949,372.92
29924735,26345715,10/29/2022 15:20,1624718,-103.61
29926087,26170961,10/23/2022 17:23,1618244,1616.53
29927865,26165850,10/23/2022 3:21,1618239,90.43
29938526,26320288,10/28/2022 15:39,1628609,-397.56
29942998,26345926,10/29/2022 21:25,1624724,396.98
29955788,26263475,10/27/2022 12:27,1627945,1174.63
29955892,26204098,10/26/2022 14:26,1624731,-135.49
29959216,26203635,10/24/2022 18:52,1624683,-78.9
29960589,26451774,11/2/2022 19:10,1631960,984.32
29965450,26210839,10/26/2022 20:21,1628616,297.52
29968546,26399489,11/4/2022 22:25,1639894,811
29972469,26220478,10/25/2022 4:57,1624237,423.42
29981793,26322021,10/29/2022 12:51,1631947,1072.6
29982424,26478612,11/4/2022 13:50,1643046,490.39
29984942,26245962,10/27/2022 23:03,1624717,658.05
29985367,26235925,10/26/2022 12:13,1622972,-333.63
29990891,26274711,10/26/2022 23:05,1628812,421.42
29991099,26245649,10/27/2022 13:23,1625366,-227.64
29995025,26790010,11/17/2022 18:33,1652877,-201.51
29998368,26315617,10/29/2022 1:41,1641009,-8.6
29998969,26380347,10/31/2022 17:26,1632016,1075.12
30000575,26258159,11/3/2022 12:57,1639716,1059.55
30004217,26274349,10/28/2022 18:24,1630579,922.39
30010045,26296597,11/3/2022 3:34,1631943,598.45
30012518,26275243,10/27/2022 17:08,1622851,903.73
30013117,26288685,10/27/2022 15:28,1632005,347.67
30016661,26422836,11/1/2022 19:07,1631977,148.64
30020305,26285689,10/27/2022 14:06,1628842,178.8
30023102,26373933,10/30/2022 18:41,1639811,56.11
30023695,26307917,10/28/2022 18:48,1631961,1076.99
30024964,26374045,10/30/2022 19:07,1624693,1002.56
30028325,26853641,11/17/2022 20:09,1652888,-241.73
30029880,26861992,11/17/2022 21:54,1652895,174.28
30032113,26349568,10/29/2022 17:55,1631934,61.12
30032878,26324427,10/28/2022 19:27,1631921,121.96
30037487,26834334,11/17/2022 19:38,1652887,1354.39
30045298,27512781,12/20/2022 14:32,1684276,212.39
30047028,26378685,11/3/2022 16:28,1632032,382.46
30049846,26342296,10/29/2022 10:45,1627573,-98.57
30051577,26327148,10/28/2022 19:54,1631922,-275.06
30053318,26331296,10/29/2022 1:40,1632001,1098.71
30059684,26335817,10/29/2022 23:01,1624725,-27.12
30066464,26623821,11/10/2022 17:43,1641912,-362.29
30066905,26381723,10/31/2022 0:41,1631936,790.64
30069963,26356418,11/3/2022 16:30,1632033,305.87
30071638,26374643,10/30/2022 19:32,1632014,8.38
30073181,26355850,10/29/2022 22:24,1631954,509.98
30082340,27185116,12/16/2022 9:15,1687212,-7.48
30089032,26374518,11/3/2022 14:37,1632030,874.06
30091202,26426549,11/2/2022 15:58,1631984,152.58
30095202,26456245,11/10/2022 21:10,1642343,-157.56
30097157,26383655,10/31/2022 2:10,1628470,800.83
30098984,26995261,11/23/2022 17:19,1675247,940.9
30104922,26393890,11/1/2022 14:19,1631927,346.74
30105126,26399544,10/31/2022 21:20,1631957,416.99
30110419,27599892,12/21/2022 16:04,1683464,1604.8
30112687,26402752,10/31/2022 23:23,1631958,80
30114313,26457032,11/2/2022 21:31,1643893,128.82
30120785,26454692,11/2/2022 19:47,1631981,561.07
30125064,27271406,12/6/2022 16:50,1675737,-131.64
30133860,26537458,11/11/2022 16:07,1642363,409.65
30135703,26683088,11/11/2022 0:52,1641987,548.76
30139739,26814467,11/17/2022 18:56,1652882,-64.7
30143957,26445450,11/2/2022 16:02,1631985,371.03
30148477,26453966,11/3/2022 22:14,1640482,-627.86
30153986,26480440,11/3/2022 17:30,1642032,593.06
30157874,26464743,11/3/2022 2:25,1641928,-133.81
30158859,26463510,11/10/2022 15:48,1640985,-147.42
30161037,26468577,11/3/2022 21:24,1642005,285.87
30164966,26477200,11/13/2022 17:09,1675713,-438.82
30172114,26480442,11/3/2022 18:29,1631930,199.96
30178319,26605480,11/18/2022 21:49,1652935,44.96
30184143,26535535,11/7/2022 19:50,1637949,-186.31
30185488,26639508,11/9/2022 17:46,1641930,1.43
30194734,27304253,12/8/2022 2:32,1675317,904.4
30196314,26578485,11/8/2022 22:39,1642389,-237.19
30197622,26572791,11/7/2022 5:07,1639128,415.78
30206433,26591840,11/9/2022 23:15,1645458,-119.4
30207961,26534259,11/7/2022 20:45,1642357,6.18
30211963,26860352,11/18/2022 20:05,1652930,623.89
30215435,26644640,11/11/2022 1:13,1642352,1000.08
30229496,26560657,11/11/2022 17:26,1642365,337.87
30233753,26596024,11/8/2022 2:09,1637850,1296.64
30234012,27633467,12/26/2022 17:37,1688204,-11.4
30244308,26579543,11/7/2022 14:17,1638938,396.68
30254008,26835381,11/17/2022 16:48,1652868,82.18
30257327,26817911,11/18/2022 1:04,1652901,1204.2
30261947,26614088,11/8/2022 18:46,1641998,1040.59
30267599,26834944,11/17/2022 20:17,1652889,564.42
30279759,26809540,11/17/2022 21:53,1652894,698.58
30287857,26645503,11/10/2022 14:58,1642039,512.93
30288255,26859346,11/17/2022 21:04,1652891,-265.94
30293439,26863567,11/26/2022 16:58,1674750,320.02
30294164,26650696,11/10/2022 18:05,1642338,254.08
30305742,26675294,11/12/2022 21:42,1642381,158.53
30306878,26682232,11/11/2022 0:44,1641932,577.85
30308671,26677438,11/13/2022 16:05,1642384,150.29
30312529,26697702,11/17/2022 18:27,1652876,-92.22
30318185,26687759,11/12/2022 1:57,1643903,-352.75
30320416,26688803,11/11/2022 5:18,1642361,-74.61
30321560,27357405,12/9/2022 21:10,1675789,178.27
30323476,26831999,11/17/2022 17:29,1652872,146.91
30323817,27484964,12/15/2022 15:34,1675906,-26.78
30325233,27055736,12/5/2022 21:12,1674803,1025.24
30328262,26823760,11/17/2022 18:09,1652875,136.2
30335668,27395196,12/20/2022 20:52,1681678,324.94
30347615,26877301,11/18/2022 16:48,1652920,-207.22
30364443,27038449,12/6/2022 16:53,1675738,-475.94
30377314,27373405,12/10/2022 20:31,1675417,262
30384165,27562485,12/19/2022 16:35,1683420,-19.36
30384484,26782131,11/18/2022 14:34,1652912,-2.21
30386532,26854040,11/17/2022 17:30,1652873,1208.49
30396623,27059746,11/30/2022 17:15,1674759,-38.54
30397632,26812082,11/17/2022 19:01,1652883,-347.06
30404292,26864506,11/20/2022 11:55,1652997,729.05
30407983,26815153,11/17/2022 18:38,1652878,53.26
30412442,26854534,11/17/2022 19:14,1652885,-214.22
30415374,26877903,11/18/2022 14:49,1652914,-193.6
30416312,27303544,12/14/2022 13:13,1680078,-13.17
30427849,26866336,11/18/2022 14:36,1652913,31.87
30434458,27365905,12/14/2022 1:57,1675894,3.87
30448319,26867461,11/18/2022 1:30,1652902,-111.8
30452296,26881834,11/18/2022 18:02,1652924,553.08
30452956,26873666,11/18/2022 6:37,1652907,-203.94
30456033,26878668,11/18/2022 15:28,1652916,609.26
30458128,26881402,11/18/2022 18:59,1652927,-463.64
30458250,26880260,11/18/2022 17:38,1652922,81.1
30469047,26897363,12/12/2022 20:46,1675857,305.6
30473930,27226949,12/13/2022 7:23,1675870,1757.73
30486185,27415803,12/12/2022 19:17,1675851,246.29
30510242,27587162,12/23/2022 15:27,1686761,-71.59
30511107,27530468,12/23/2022 18:31,1686774,-83.99
30514831,27125194,12/5/2022 9:45,1675730,-125.29
30517025,27037549,12/13/2022 1:44,1675867,-197.11
30517148,27299359,12/12/2022 16:51,1675846,-179.41
30533209,27331104,12/11/2022 17:51,1675823,264.21
30539078,27561777,12/22/2022 17:18,1686728,-96.95
30539422,27469186,12/16/2022 16:59,1681584,705.44
30539781,27217252,12/17/2022 15:45,1681817,319.9
30543491,26992523,12/12/2022 20:44,1675856,1310.14
30546691,27026507,12/7/2022 20:31,1674861,139.4
30573282,27698006,12/26/2022 15:18,1688197,-202.92
30577591,27235282,12/6/2022 23:14,1674831,1294.55
30578281,27044626,12/27/2022 21:11,1688753,192.58
30579088,27342725,12/9/2022 14:48,1674944,-166.63
30583997,27053150,12/4/2022 15:52,1681694,1523.8
30590169,27057874,12/13/2022 2:43,1675869,811.44
30594436,27218902,12/4/2022 14:56,1673271,19.72
30607282,27199610,12/13/2022 23:13,1675892,160.09
30620022,27342873,12/9/2022 5:08,1675778,-202.33
30622225,27302308,12/7/2022 22:23,1675761,499.36
30622386,27099489,12/8/2022 17:58,1675771,567.01
30628629,27235556,12/4/2022 22:46,1670399,229.91
30642338,27231626,12/9/2022 15:27,1675781,-34.74
30647911,27131250,12/7/2022 19:11,1675757,213.2
30651906,27193580,12/6/2022 22:29,1675749,-323.9
30664430,27644751,12/23/2022 2:32,1687591,139.4
30666471,27368234,12/27/2022 16:55,1688736,-92.83
30668420,27419005,12/12/2022 23:17,1675866,3.75
30671253,27248237,12/8/2022 1:11,1675764,-163.3
30676076,27167910,12/7/2022 17:11,1675298,78.22
30676707,27194352,12/6/2022 18:39,1675742,246.39
30677978,27248370,12/10/2022 18:56,1675808,-20.05
30678338,27188700,12/6/2022 20:11,1675745,747.68
30691384,27273062,12/6/2022 18:18,1675740,710.12
30695612,27196538,12/2/2022 23:04,1675255,-216.49
30695720,27296466,12/7/2022 17:50,1675756,-148.35
30720542,27228970,12/13/2022 22:36,1675891,-173.86
30723886,27246839,12/5/2022 14:52,1674790,-26.8
30727963,27295609,12/10/2022 18:11,1675803,212.18
30730181,27258162,12/11/2022 17:55,1675824,-315.25
30731533,27259676,12/7/2022 0:39,1675294,1211.74
30733423,27642884,12/23/2022 0:35,1686744,22.32
30737186,27248342,12/5/2022 17:00,1675267,-214.67
30737889,27351498,12/12/2022 18:08,1675849,-114.72
30745674,27259334,12/6/2022 2:09,1675282,592.2
30746550,27259108,12/9/2022 14:11,1674942,760.31
30748912,27499240,12/18/2022 17:03,1683402,-152.95
30754103,27278755,12/10/2022 18:12,1675804,5.41
30754780,27272715,12/8/2022 14:59,1675321,-14.22
30757201,27272900,12/13/2022 13:28,1675871,-140.05
30758879,27275562,12/6/2022 19:44,1675743,1011.07
30762315,27279751,12/8/2022 8:06,1674882,527.3
30762912,27282573,12/9/2022 17:00,1674953,11.29
30767078,27287207,12/10/2022 22:55,1675810,1474.14
30767090,27288687,12/7/2022 18:11,1675304,350.19
30767221,27288533,12/9/2022 3:33,1675349,1073.51
30767772,27300426,12/7/2022 20:21,1675759,873.32
30768272,27410285,12/12/2022 23:12,1675865,-137.08
30773957,27296321,12/7/2022 17:44,1675301,-6.96
30774035,27295095,12/8/2022 15:13,1675768,-312.52
30778398,27300381,12/7/2022 20:50,1674864,1267.65
30789000,27341659,12/12/2022 16:05,1679682,-167.25
30789933,27327028,12/9/2022 19:49,1675787,-56.91
30791022,27331594,12/8/2022 21:41,1674920,22.66
30792803,27322599,12/8/2022 20:12,1675774,279.64
30794923,27329217,12/9/2022 0:28,1679639,-10.81
30796331,27329624,12/8/2022 20:26,1675775,593.05
30797132,27549093,12/29/2022 21:13,1688298,979.38
30799022,27336575,12/9/2022 22:41,1675796,698.31
30808233,27613492,12/22/2022 20:25,1686107,-161.52
30809997,27552717,12/23/2022 0:22,1687589,147.77
30810119,27515673,12/16/2022 23:09,1681807,821.36
30812517,27372499,12/13/2022 20:49,1675888,921.62
30815474,27493921,12/15/2022 22:47,1679867,-29.71
30819044,27405420,12/12/2022 4:39,1675834,523.17
30827616,27556432,12/19/2022 3:11,1683411,62.06
30828939,27521929,12/27/2022 23:43,1688252,303.78
30833904,27387508,12/11/2022 5:41,1687207,512.99
30835006,27420008,12/17/2022 18:19,1678960,1042.8
30839251,27709243,12/27/2022 12:44,1688227,157.81
30844063,27403970,12/16/2022 16:33,1680908,-26
30847021,27546588,12/26/2022 21:15,1688699,-76.57
30847651,27415732,12/12/2022 19:20,1675852,-7.59
30851445,27411097,12/16/2022 18:12,1679908,6.75
30853090,27447865,12/14/2022 0:11,1675893,504.56
30854119,27414582,12/12/2022 18:41,1675850,309.14
30855098,27423699,12/13/2022 17:13,1675878,117.64
30855626,27416724,12/13/2022 21:24,1675889,-109.91
30856016,27417141,12/14/2022 18:27,1683352,2069.76
30858496,27419359,12/14/2022 15:52,1675900,-85.94
30858798,27460386,12/14/2022 15:26,1675899,937.27
30860405,27486222,12/16/2022 22:29,1684230,359.23
30861223,27424145,12/13/2022 2:15,1675868,-302.46
30863176,27449575,12/16/2022 20:20,1687214,664.96
30866146,27618507,12/27/2022 19:03,1688238,1966.83
30870720,27568731,12/27/2022 13:14,1688228,46.81
30870900,27437506,12/15/2022 15:11,1681549,345.52
30878619,27449173,12/16/2022 16:53,1679903,-225.69
30879527,27509853,12/21/2022 18:28,1683470,-144.94
30888199,27515046,12/18/2022 18:50,1687219,186.92
30888343,27465028,12/14/2022 18:50,1679794,-114.95
30892130,27468222,12/16/2022 15:03,1687213,-409.12
30909046,27493870,12/16/2022 22:13,1681594,1709.83
30909433,27492735,12/15/2022 21:21,1683365,1099
30924705,27517407,12/19/2022 21:10,1685017,-72.37
30927188,27518179,12/18/2022 17:54,1683405,10.25
30936847,27532083,12/19/2022 14:36,1683417,1113.24
30938470,27539829,12/23/2022 0:04,1687587,6.81
30942348,27595937,12/20/2022 23:12,1687230,-1.16
30942603,27670820,12/24/2022 15:21,1688170,-68.82
30943328,27557854,12/20/2022 18:11,1687228,439.37
30950132,27548147,1/5/2023 19:28,1693857,615.45
30951124,27559373,12/19/2022 7:01,1683413,29.13
30952443,27574376,12/21/2022 2:48,1683461,-251.64
30953440,27649500,12/23/2022 7:49,1687594,778.25
30953810,27551776,12/19/2022 23:55,1685018,-97.19
30958822,27716953,12/27/2022 21:18,1688755,177.96
30962143,27587084,12/21/2022 16:40,1683466,256.99
30967393,27566869,12/21/2022 14:19,1685211,493.4
30970617,27714567,12/28/2022 19:28,1689136,926.13
30973614,27576818,12/22/2022 16:45,1686725,-1.5
30973849,27576817,12/20/2022 3:31,1687226,637.28
30978248,27590077,12/20/2022 22:53,1683454,1184.72
30979425,27614993,12/27/2022 18:42,1688742,1012.8
30979518,27585346,12/28/2022 17:47,1688274,128.68
30979720,27638722,12/29/2022 21:55,1688300,2030.02
30986638,27608142,12/26/2022 1:36,1688657,813.42
30986764,27639876,12/23/2022 13:48,1687598,32.61
30992135,27603253,12/21/2022 5:37,1686071,-53.21
30999475,27625907,12/22/2022 6:07,1686097,-134.84
31003016,27619590,12/23/2022 15:28,1687603,951.7
31015969,27644040,12/23/2022 2:02,1686748,522.43
31018962,27668813,12/24/2022 11:47,1688166,222.72
31019868,27654699,12/24/2022 17:52,1688174,-246.94
31038080,27719777,12/27/2022 14:54,1688726,231.92
31040990,27676194,12/26/2022 16:20,1688201,-51.49
31048739,27685650,12/25/2022 19:53,1686167,336.7
31057460,27698735,12/26/2022 17:00,1688677,1029.85
31059917,27700772,12/28/2022 14:40,1688262,625.7
31067239,27710419,12/29/2022 12:45,1688292,774.86
31076602,27722509,12/27/2022 17:17,1688235,439.67
31081640,27725436,12/27/2022 18:43,1688743,1102.37
31083001,27732103,12/27/2022 22:55,1688765,-73.51
31092714,27745541,12/28/2022 11:07,1688260,2.2
29414802,25509425,10/16/2022 0:18,1623097,-472.33
29340540,25509781,9/30/2022 20:42,1592520,104.5
29416440,25510319,10/1/2022 22:13,1592414,191.47
27945580,25510485,10/27/2022 15:19,1624681,74.04
9375813,25510958,9/30/2022 21:49,1591309,-192.04
20174557,25511217,10/2/2022 13:50,1603291,-27.39
29410956,25511545,9/30/2022 21:35,1592656,639.96
4160575,25511893,10/12/2022 18:53,1608714,923.11
17940100,25512120,10/3/2022 20:26,1591329,974.05
14336682,25514094,9/30/2022 23:15,1592654,918.92
28374423,25515046,9/30/2022 23:46,1592667,-165.17
29301211,25492095,9/30/2022 2:52,1592311,265.1
29401169,25492202,9/30/2022 2:57,1592530,676.47
29389627,25494130,9/30/2022 5:04,1591338,-334.02
24692685,24758722,9/28/2022 1:04,1591320,895.21
11316216,24855163,9/14/2022 19:39,1592679,375.64
4096811,24881797,9/21/2022 13:27,1589453,-455.41
28905088,24887574,10/5/2022 16:26,1592333,239.36
28329454,24889144,9/18/2022 12:19,1592643,521.24
28907298,24909385,9/9/2022 21:48,1592003,-257.94
25724421,24910911,9/20/2022 4:07,1590823,-350.72
28762107,24916767,9/14/2022 17:07,1590313,398.64
25633001,24921847,9/13/2022 18:00,1592444,306.46
28591774,24520951,9/11/2022 21:53,1591860,144.37
15044785,24923545,9/30/2022 19:22,1592562,-153.59
1847057,24903399,9/30/2022 12:41,1592556,-271.83
28853205,24904476,10/1/2022 22:42,1592095,721.26
