channel_id,date,spend
1,6/1/2022,134.07
1,6/2/2022,45.11
1,6/3/2022,66.23
1,6/4/2022,28.03
1,6/5/2022,33.95
1,6/6/2022,89.28
1,6/7/2022,159.16
1,6/8/2022,11.44
1,6/9/2022,294.64
1,6/10/2022,18.18
1,6/11/2022,7.79
1,6/12/2022,75.71
1,6/13/2022,111.34
1,6/14/2022,132.31
1,6/15/2022,17.33
1,6/16/2022,43.54
1,6/17/2022,256.24
1,6/18/2022,45.88
1,6/19/2022,27.04
1,6/20/2022,254.77
1,6/21/2022,278.88
1,6/22/2022,220.65
1,6/23/2022,109.48
1,6/24/2022,66.24
1,6/25/2022,52.02
1,6/26/2022,287.31
1,6/27/2022,135.19
1,6/28/2022,43.58
1,6/29/2022,16.09
1,6/30/2022,162.61
1,7/1/2022,78.66
1,7/2/2022,20.58
1,7/3/2022,24.88
1,7/4/2022,230.45
1,7/5/2022,2.6
1,7/6/2022,134.51
1,7/7/2022,0.56
1,7/8/2022,142
1,7/9/2022,49.3
1,7/10/2022,77.1
1,7/11/2022,50.12
1,7/12/2022,16.65
1,7/13/2022,39.84
1,7/14/2022,1.56
1,7/15/2022,80.24
1,7/16/2022,98.98
1,7/17/2022,105.85
1,7/18/2022,103.86
1,7/19/2022,541.98
1,7/20/2022,88.6
1,7/21/2022,65.48
1,7/22/2022,36.53
1,7/23/2022,227.42
1,7/24/2022,2.47
1,7/25/2022,91.16
1,7/26/2022,516.87
1,7/27/2022,320.79
1,7/28/2022,218
1,7/29/2022,41.62
1,7/30/2022,53.15
1,7/31/2022,86.83
1,8/1/2022,15.29
1,8/2/2022,532.05
1,8/3/2022,41.92
1,8/4/2022,230.15
1,8/5/2022,182.82
1,8/6/2022,18.46
1,8/7/2022,198.36
1,8/8/2022,2.23
1,8/9/2022,31.18
1,8/10/2022,63.59
1,8/11/2022,20.19
1,8/12/2022,0.6
1,8/13/2022,62.42
1,8/14/2022,154.23
1,8/15/2022,32.66
1,8/16/2022,17.24
1,8/17/2022,127.12
1,8/18/2022,76.85
1,8/19/2022,87.58
1,8/20/2022,8.02
1,8/21/2022,94.85
1,8/22/2022,12.92
1,8/23/2022,262.17
1,8/24/2022,216.39
1,8/25/2022,121.62
1,8/26/2022,265.97
1,8/27/2022,9.93
1,8/28/2022,484.15
1,8/29/2022,97.23
1,8/30/2022,40.25
1,8/31/2022,113.17
1,9/1/2022,127.24
1,9/2/2022,141.7
1,9/3/2022,52.18
1,9/4/2022,7.06
1,9/5/2022,7.42
1,9/6/2022,173.31
1,9/7/2022,103.79
1,9/8/2022,63.17
1,9/9/2022,67.17
1,9/10/2022,32.02
1,9/11/2022,59.22
1,9/12/2022,12.74
1,9/13/2022,16.42
1,9/14/2022,171.66
1,9/15/2022,190.61
1,9/16/2022,247
1,9/17/2022,314.68
1,9/18/2022,30.65
1,9/19/2022,37.12
1,9/20/2022,56.24
1,9/21/2022,33.72
1,9/22/2022,18.64
1,9/23/2022,41.51
1,9/24/2022,53.94
1,9/25/2022,52.01
1,9/26/2022,71.28
1,9/27/2022,6.79
1,9/28/2022,158.05
1,9/29/2022,81.49
1,9/30/2022,126.2
1,10/1/2022,133.21
1,10/2/2022,236.95
1,10/3/2022,25.82
1,10/4/2022,348.26
1,10/5/2022,4.79
1,10/6/2022,52.4
1,10/7/2022,73.76
1,10/8/2022,138.07
1,10/9/2022,310.56
1,10/10/2022,32.12
1,10/11/2022,127.27
1,10/12/2022,21.55
1,10/13/2022,54.03
1,10/14/2022,95.06
1,10/15/2022,173.26
1,10/16/2022,683.71
1,10/17/2022,216.54
1,10/18/2022,64.1
1,10/19/2022,17.16
1,10/20/2022,83.93
1,10/21/2022,118.87
1,10/22/2022,1.94
1,10/23/2022,40.19
1,10/24/2022,236.69
1,10/25/2022,225.73
1,10/26/2022,33.99
1,10/27/2022,15.64
1,10/28/2022,335.61
1,10/29/2022,22.89
1,10/30/2022,204.65
1,10/31/2022,48.79
1,11/1/2022,130.51
1,11/2/2022,10.69
1,11/3/2022,54.92
1,11/4/2022,271.47
1,11/5/2022,27.23
1,11/6/2022,82.71
1,11/7/2022,15.38
1,11/8/2022,15.57
1,11/9/2022,59.22
1,11/10/2022,81.77
1,11/11/2022,140.37
1,11/12/2022,108.07
1,11/13/2022,410.74
1,11/14/2022,75.91
1,11/15/2022,7.88
1,11/16/2022,90.8
1,11/17/2022,15.9
1,11/18/2022,46.05
1,11/19/2022,76.99
1,11/20/2022,327.61
1,11/21/2022,448.2
1,11/22/2022,121.84
1,11/23/2022,5.11
1,11/24/2022,203.35
1,11/25/2022,2.4
1,11/26/2022,338.26
1,11/27/2022,67.85
1,11/28/2022,13.18
1,11/29/2022,288.85
1,11/30/2022,260.52
1,12/1/2022,105.61
1,12/2/2022,35.07
1,12/3/2022,53.4
1,12/4/2022,271.57
1,12/5/2022,321.14
1,12/6/2022,90.61
1,12/7/2022,84.71
1,12/8/2022,136.23
1,12/9/2022,142.69
1,12/10/2022,27.74
1,12/11/2022,70.36
1,12/12/2022,127.29
1,12/13/2022,1.91
1,12/14/2022,6.78
1,12/15/2022,150.3
1,12/16/2022,384.15
1,12/17/2022,10.17
1,12/18/2022,104.27
1,12/19/2022,108.45
1,12/20/2022,21.22
1,12/21/2022,11.87
1,12/22/2022,537.31
1,12/23/2022,1.06
1,12/24/2022,84.59
1,12/25/2022,385.22
1,12/26/2022,63.3
1,12/27/2022,129.29
1,12/28/2022,200.81
1,12/29/2022,156.8
1,12/30/2022,149.17
1,12/31/2022,100.6
2,6/1/2022,54.45
2,6/2/2022,41.66
2,6/3/2022,119.67
2,6/4/2022,36.6
2,6/5/2022,24.85
2,6/6/2022,75.35
2,6/7/2022,255.3
2,6/8/2022,294.38
2,6/9/2022,16.72
2,6/10/2022,231.89
2,6/11/2022,55.71
2,6/12/2022,44.06
2,6/13/2022,318.31
2,6/14/2022,45.74
2,6/15/2022,69.25
2,6/16/2022,190.49
2,6/17/2022,65.83
2,6/18/2022,330.62
2,6/19/2022,17.32
2,6/20/2022,178.9
2,6/21/2022,167.93
2,6/22/2022,432.58
2,6/23/2022,167.12
2,6/24/2022,465.34
2,6/25/2022,184.3
2,6/26/2022,114.21
2,6/27/2022,209.9
2,6/28/2022,103.02
2,6/29/2022,231.13
2,6/30/2022,36.58
2,7/1/2022,201.37
2,7/2/2022,87
2,7/3/2022,31.66
2,7/4/2022,66.19
2,7/5/2022,57
2,7/6/2022,244.24
2,7/7/2022,235.75
2,7/8/2022,66.56
2,7/9/2022,207.35
2,7/10/2022,144.91
2,7/11/2022,93.53
2,7/12/2022,147.01
2,7/13/2022,186.14
2,7/14/2022,75.28
2,7/15/2022,7.85
2,7/16/2022,539.51
2,7/17/2022,783.44
2,7/18/2022,5.52
2,7/19/2022,25.05
2,7/20/2022,49.13
2,7/21/2022,232.05
2,7/22/2022,10.49
2,7/23/2022,92.07
2,7/24/2022,161.61
2,7/25/2022,48.44
2,7/26/2022,238.71
2,7/27/2022,34.01
2,7/28/2022,45.7
2,7/29/2022,9.49
2,7/30/2022,3.87
2,7/31/2022,416.07
2,8/1/2022,300.79
2,8/2/2022,1135.9
2,8/3/2022,153.42
2,8/4/2022,64.01
2,8/5/2022,203.74
2,8/6/2022,459.07
2,8/7/2022,46.13
2,8/8/2022,53.65
2,8/9/2022,41.77
2,8/10/2022,45.74
2,8/11/2022,12.73
2,8/12/2022,99.7
2,8/13/2022,1.17
2,8/14/2022,72.88
2,8/15/2022,9.06
2,8/16/2022,340.3
2,8/17/2022,105.02
2,8/18/2022,27.94
2,8/19/2022,7.75
2,8/20/2022,38.75
2,8/21/2022,292.07
2,8/22/2022,492.69
2,8/23/2022,120.95
2,8/24/2022,5.06
2,8/25/2022,0.49
2,8/26/2022,48.71
2,8/27/2022,26.97
2,8/28/2022,197.24
2,8/29/2022,135.93
2,8/30/2022,15.06
2,8/31/2022,286.69
2,9/1/2022,61.86
2,9/2/2022,265.32
2,9/3/2022,219.73
2,9/4/2022,98.02
2,9/5/2022,106.59
2,9/6/2022,3
2,9/7/2022,145.04
2,9/8/2022,105.18
2,9/9/2022,31.47
2,9/10/2022,65.7
2,9/11/2022,269.87
2,9/12/2022,5.77
2,9/13/2022,212.67
2,9/14/2022,4.19
2,9/15/2022,271.01
2,9/16/2022,24.79
2,9/17/2022,43.64
2,9/18/2022,381.51
2,9/19/2022,33.21
2,9/20/2022,60.16
2,9/21/2022,26.57
2,9/22/2022,79.29
2,9/23/2022,249.67
2,9/24/2022,158.19
2,9/25/2022,345.07
2,9/26/2022,32.84
2,9/27/2022,54.42
2,9/28/2022,86.68
2,9/29/2022,176.16
2,9/30/2022,179.19
2,10/1/2022,46.53
2,10/2/2022,482.62
2,10/3/2022,136.78
2,10/4/2022,252.8
2,10/5/2022,2.6
2,10/6/2022,49.4
2,10/7/2022,254.02
2,10/8/2022,243.42
2,10/9/2022,37.96
2,10/10/2022,112.42
2,10/11/2022,19.6
2,10/12/2022,36.08
2,10/13/2022,265.43
2,10/14/2022,148.16
2,10/15/2022,64.52
2,10/16/2022,54.6
2,10/17/2022,6.65
2,10/18/2022,98.58
2,10/19/2022,121.42
2,10/20/2022,366.54
2,10/21/2022,7.29
2,10/22/2022,189.49
2,10/23/2022,24.84
2,10/24/2022,75.93
2,10/25/2022,264.37
2,10/26/2022,107.48
2,10/27/2022,7.67
2,10/28/2022,106.64
2,10/29/2022,64.36
2,10/30/2022,57.53
2,10/31/2022,24.77
2,11/1/2022,16.45
2,11/2/2022,184.38
2,11/3/2022,135.73
2,11/4/2022,10.28
2,11/5/2022,77.27
2,11/6/2022,189.73
2,11/7/2022,276.94
2,11/8/2022,26.47
2,11/9/2022,247.02
2,11/10/2022,11.81
2,11/11/2022,55.64
2,11/12/2022,22.98
2,11/13/2022,1.97
2,11/14/2022,255.21
2,11/15/2022,23.82
2,11/16/2022,340.93
2,11/17/2022,100.07
2,11/18/2022,258.1
2,11/19/2022,29.86
2,11/20/2022,125.36
2,11/21/2022,190.76
2,11/22/2022,33.85
2,11/23/2022,297.2
2,11/24/2022,60.84
2,11/25/2022,103.04
2,11/26/2022,378.87
2,11/27/2022,167.82
2,11/28/2022,154.22
2,11/29/2022,286.53
2,11/30/2022,277.44
2,12/1/2022,188.57
2,12/2/2022,194.52
2,12/3/2022,29.02
2,12/4/2022,330.59
2,12/5/2022,8.47
2,12/6/2022,198.6
2,12/7/2022,207.35
2,12/8/2022,60.41
2,12/9/2022,54.58
2,12/10/2022,50.3
2,12/11/2022,145.08
2,12/12/2022,103.88
2,12/13/2022,118.34
2,12/14/2022,70.25
2,12/15/2022,29.38
2,12/16/2022,35.19
2,12/17/2022,75.02
2,12/18/2022,194.17
2,12/19/2022,16.46
2,12/20/2022,80.7
2,12/21/2022,431.32
2,12/22/2022,417.66
2,12/23/2022,387.76
2,12/24/2022,11.34
2,12/25/2022,252.95
2,12/26/2022,90.02
2,12/27/2022,17.32
2,12/28/2022,3.9
2,12/29/2022,231.93
2,12/30/2022,114.95
2,12/31/2022,14.43
3,6/1/2022,18.91
3,6/2/2022,64.43
3,6/3/2022,166.65
3,6/4/2022,104.23
3,6/5/2022,53.93
3,6/6/2022,133.84
3,6/7/2022,132.6
3,6/8/2022,294.29
3,6/9/2022,11.75
3,6/10/2022,277.23
3,6/11/2022,136.3
3,6/12/2022,471.89
3,6/13/2022,107
3,6/14/2022,25.48
3,6/15/2022,3.87
3,6/16/2022,12.86
3,6/17/2022,85.21
3,6/18/2022,81.22
3,6/19/2022,213.87
3,6/20/2022,31.43
3,6/21/2022,57.49
3,6/22/2022,6.63
3,6/23/2022,264.57
3,6/24/2022,11.45
3,6/25/2022,294.8
3,6/26/2022,527.1
3,6/27/2022,26.76
3,6/28/2022,72.48
3,6/29/2022,97.6
3,6/30/2022,181.55
3,7/1/2022,121.59
3,7/2/2022,342.15
3,7/3/2022,59.03
3,7/4/2022,151.98
3,7/5/2022,78.93
3,7/6/2022,19.41
3,7/7/2022,121.05
3,7/8/2022,55.28
3,7/9/2022,305.88
3,7/10/2022,362.01
3,7/11/2022,77.89
3,7/12/2022,79.18
3,7/13/2022,29.05
3,7/14/2022,282.48
3,7/15/2022,16.12
3,7/16/2022,114.12
3,7/17/2022,140.59
3,7/18/2022,39.27
3,7/19/2022,104.29
3,7/20/2022,106.26
3,7/21/2022,20.93
3,7/22/2022,69.63
3,7/23/2022,135.65
3,7/24/2022,191.38
3,7/25/2022,141.06
3,7/26/2022,5.2
3,7/27/2022,169.7
3,7/28/2022,2.31
3,7/29/2022,108.56
3,7/30/2022,81.9
3,7/31/2022,20.28
3,8/1/2022,131.16
3,8/2/2022,24.01
3,8/3/2022,178.07
3,8/4/2022,16.94
3,8/5/2022,36.85
3,8/6/2022,152.76
3,8/7/2022,10.17
3,8/8/2022,25.24
3,8/9/2022,104.61
3,8/10/2022,233.47
3,8/11/2022,1.42
3,8/12/2022,34.18
3,8/13/2022,29.24
3,8/14/2022,501.78
3,8/15/2022,63.82
3,8/16/2022,178.5
3,8/17/2022,30.5
3,8/18/2022,174.27
3,8/19/2022,237.11
3,8/20/2022,157.48
3,8/21/2022,18.96
3,8/22/2022,128.97
3,8/23/2022,224.69
3,8/24/2022,143.37
3,8/25/2022,85.43
3,8/26/2022,158.63
3,8/27/2022,180.83
3,8/28/2022,120.92
3,8/29/2022,8.92
3,8/30/2022,436.42
3,8/31/2022,7.64
3,9/1/2022,42.57
3,9/2/2022,95.46
3,9/3/2022,76.2
3,9/4/2022,14.06
3,9/5/2022,4.35
3,9/6/2022,50.38
3,9/7/2022,261.14
3,9/8/2022,2.11
3,9/9/2022,85.7
3,9/10/2022,77.43
3,9/11/2022,14.09
3,9/12/2022,217.58
3,9/13/2022,130.84
3,9/14/2022,94.74
3,9/15/2022,5.04
3,9/16/2022,50.21
3,9/17/2022,20.78
3,9/18/2022,265.42
3,9/19/2022,0.83
3,9/20/2022,183.81
3,9/21/2022,162.74
3,9/22/2022,254.25
3,9/23/2022,11.51
3,9/24/2022,172.33
3,9/25/2022,68.51
3,9/26/2022,61.85
3,9/27/2022,0.74
3,9/28/2022,51.98
3,9/29/2022,118.27
3,9/30/2022,149.13
3,10/1/2022,95.16
3,10/2/2022,111.66
3,10/3/2022,327.82
3,10/4/2022,58.81
3,10/5/2022,2.15
3,10/6/2022,202.81
3,10/7/2022,23.91
3,10/8/2022,8.53
3,10/9/2022,306.43
3,10/10/2022,50.26
3,10/11/2022,61.45
3,10/12/2022,24.59
3,10/13/2022,37.07
3,10/14/2022,292.32
3,10/15/2022,348.9
3,10/16/2022,59.02
3,10/17/2022,293.69
3,10/18/2022,386.67
3,10/19/2022,60.15
3,10/20/2022,69.35
3,10/21/2022,28.77
3,10/22/2022,79.5
3,10/23/2022,87.24
3,10/24/2022,105.66
3,10/25/2022,10.74
3,10/26/2022,139.02
3,10/27/2022,139.85
3,10/28/2022,8.14
3,10/29/2022,67.68
3,10/30/2022,556.61
3,10/31/2022,63.45
3,11/1/2022,170.54
3,11/2/2022,48.28
3,11/3/2022,89.44
3,11/4/2022,56.6
3,11/5/2022,258.09
3,11/6/2022,21.41
3,11/7/2022,53.94
3,11/8/2022,245.16
3,11/9/2022,18.6
3,11/10/2022,37.32
3,11/11/2022,2.05
3,11/12/2022,17.12
3,11/13/2022,302.21
3,11/14/2022,233.19
3,11/15/2022,226.65
3,11/16/2022,119.84
3,11/17/2022,41.02
3,11/18/2022,207.43
3,11/19/2022,139.08
3,11/20/2022,41.89
3,11/21/2022,127.01
3,11/22/2022,167.22
3,11/23/2022,260.87
3,11/24/2022,98.59
3,11/25/2022,49.51
3,11/26/2022,13.23
3,11/27/2022,16.22
3,11/28/2022,0.38
3,11/29/2022,91
3,11/30/2022,82.21
3,12/1/2022,61.07
3,12/2/2022,81.82
3,12/3/2022,244.16
3,12/4/2022,36.12
3,12/5/2022,187.3
3,12/6/2022,6.47
3,12/7/2022,174.92
3,12/8/2022,64.37
3,12/9/2022,10.3
3,12/10/2022,256.24
3,12/11/2022,47.63
3,12/12/2022,247.75
3,12/13/2022,0.58
3,12/14/2022,143.33
3,12/15/2022,104.25
3,12/16/2022,178.75
3,12/17/2022,163.16
3,12/18/2022,164.3
3,12/19/2022,32.65
3,12/20/2022,100.27
3,12/21/2022,95.4
3,12/22/2022,258.33
3,12/23/2022,19.54
3,12/24/2022,161.69
3,12/25/2022,70.46
3,12/26/2022,34.89
3,12/27/2022,27.38
3,12/28/2022,94.65
3,12/29/2022,72.94
3,12/30/2022,403.93
3,12/31/2022,11
4,6/1/2022,108.36
4,6/2/2022,8.55
4,6/3/2022,67.86
4,6/4/2022,18.03
4,6/5/2022,45.13
4,6/6/2022,185.41
4,6/7/2022,49.99
4,6/8/2022,21.07
4,6/9/2022,43.8
4,6/10/2022,0.82
4,6/11/2022,58.68
4,6/12/2022,96.76
4,6/13/2022,106.77
4,6/14/2022,6.07
4,6/15/2022,216.63
4,6/16/2022,80.68
4,6/17/2022,15.14
4,6/18/2022,21.68
4,6/19/2022,63.22
4,6/20/2022,19.94
4,6/21/2022,32.82
4,6/22/2022,121.53
4,6/23/2022,12.4
4,6/24/2022,54.34
4,6/25/2022,25.33
4,6/26/2022,219.83
4,6/27/2022,16.44
4,6/28/2022,4.19
4,6/29/2022,13.4
4,6/30/2022,45.73
4,7/1/2022,73.47
4,7/2/2022,27.17
4,7/3/2022,5.94
4,7/4/2022,45.48
4,7/5/2022,42.97
4,7/6/2022,34.14
4,7/7/2022,149.89
4,7/8/2022,57.67
4,7/9/2022,41.62
4,7/10/2022,35.12
4,7/11/2022,19.63
4,7/12/2022,0.99
4,7/13/2022,23.5
4,7/14/2022,219.74
4,7/15/2022,57.35
4,7/16/2022,22.96
4,7/17/2022,22.64
4,7/18/2022,23.76
4,7/19/2022,12.86
4,7/20/2022,43.49
4,7/21/2022,103.02
4,7/22/2022,3.76
4,7/23/2022,71.2
4,7/24/2022,104.6
4,7/25/2022,7.36
4,7/26/2022,25.38
4,7/27/2022,82.86
4,7/28/2022,20.93
4,7/29/2022,80.55
4,7/30/2022,11.86
4,7/31/2022,23.07
4,8/1/2022,62.09
4,8/2/2022,71.7
4,8/3/2022,15.26
4,8/4/2022,32.71
4,8/5/2022,45.6
4,8/6/2022,58.31
4,8/7/2022,141.04
4,8/8/2022,25.59
4,8/9/2022,8.48
4,8/10/2022,198.44
4,8/11/2022,37.1
4,8/12/2022,137.43
4,8/13/2022,108.55
4,8/14/2022,53.91
4,8/15/2022,65.41
4,8/16/2022,53.32
4,8/17/2022,22.11
4,8/18/2022,9.93
4,8/19/2022,63.62
4,8/20/2022,121.41
4,8/21/2022,241.85
4,8/22/2022,7.8
4,8/23/2022,115.99
4,8/24/2022,45.66
4,8/25/2022,12.28
4,8/26/2022,68.89
4,8/27/2022,22.05
4,8/28/2022,31.52
4,8/29/2022,109.42
4,8/30/2022,29.07
4,8/31/2022,77.56
4,9/1/2022,37.31
4,9/2/2022,93.56
4,9/3/2022,47.34
4,9/4/2022,16.68
4,9/5/2022,33.62
4,9/6/2022,178.91
4,9/7/2022,14.14
4,9/8/2022,14.22
4,9/9/2022,93.51
4,9/10/2022,109.01
4,9/11/2022,52.71
4,9/12/2022,106.79
4,9/13/2022,9.47
4,9/14/2022,163.63
4,9/15/2022,66.78
4,9/16/2022,1.44
4,9/17/2022,7.64
4,9/18/2022,6.24
4,9/19/2022,85.76
4,9/20/2022,12.19
4,9/21/2022,69.84
4,9/22/2022,2.29
4,9/23/2022,45.07
4,9/24/2022,177.74
4,9/25/2022,23.14
4,9/26/2022,35.56
4,9/27/2022,67.7
4,9/28/2022,20.5
4,9/29/2022,35.04
4,9/30/2022,25.26
4,10/1/2022,29.6
4,10/2/2022,13.37
4,10/3/2022,59.77
4,10/4/2022,52.96
4,10/5/2022,114.88
4,10/6/2022,115.9
4,10/7/2022,47.66
4,10/8/2022,161.48
4,10/9/2022,181.14
4,10/10/2022,0.3
4,10/11/2022,32.23
4,10/12/2022,10.08
4,10/13/2022,25.88
4,10/14/2022,78.74
4,10/15/2022,10.43
4,10/16/2022,15.99
4,10/17/2022,4.86
4,10/18/2022,59.96
4,10/19/2022,0.52
4,10/20/2022,146.62
4,10/21/2022,127.57
4,10/22/2022,63.79
4,10/23/2022,80.03
4,10/24/2022,26.44
4,10/25/2022,18.66
4,10/26/2022,28.68
4,10/27/2022,129.56
4,10/28/2022,88.87
4,10/29/2022,6.02
4,10/30/2022,1.2
4,10/31/2022,64.77
4,11/1/2022,24.17
4,11/2/2022,2.73
4,11/3/2022,222.62
4,11/4/2022,12.9
4,11/5/2022,123.66
4,11/6/2022,49.25
4,11/7/2022,106.45
4,11/8/2022,48.9
4,11/9/2022,13.09
4,11/10/2022,15.49
4,11/11/2022,21.74
4,11/12/2022,12.94
4,11/13/2022,22.25
4,11/14/2022,106.27
4,11/15/2022,84.13
4,11/16/2022,100.24
4,11/17/2022,107.2
4,11/18/2022,73.65
4,11/19/2022,4.96
4,11/20/2022,52.59
4,11/21/2022,62.55
4,11/22/2022,64.06
4,11/23/2022,38.02
4,11/24/2022,2.2
4,11/25/2022,4.65
4,11/26/2022,8.32
4,11/27/2022,26.29
4,11/28/2022,204.42
4,11/29/2022,35.76
4,11/30/2022,9.54
4,12/1/2022,7.7
4,12/2/2022,71.4
4,12/3/2022,38.73
4,12/4/2022,22.26
4,12/5/2022,0.5
4,12/6/2022,14.34
4,12/7/2022,12.43
4,12/8/2022,116.75
4,12/9/2022,54.5
4,12/10/2022,5.69
4,12/11/2022,52.39
4,12/12/2022,179.37
4,12/13/2022,3.37
4,12/14/2022,106.61
4,12/15/2022,55.38
4,12/16/2022,30.56
4,12/17/2022,80.84
4,12/18/2022,99.57
4,12/19/2022,23.77
4,12/20/2022,147.45
4,12/21/2022,18.45
4,12/22/2022,25.13
4,12/23/2022,39.35
4,12/24/2022,5.71
4,12/25/2022,73.69
4,12/26/2022,13.56
4,12/27/2022,9.28
4,12/28/2022,124.02
4,12/29/2022,6.47
4,12/30/2022,31.92
4,12/31/2022,46.98
5,6/1/2022,12.08
5,6/2/2022,83.71
5,6/3/2022,52.68
5,6/4/2022,10.06
5,6/5/2022,59.24
5,6/6/2022,51.6
5,6/7/2022,30.56
5,6/8/2022,66.48
5,6/9/2022,121.32
5,6/10/2022,25.79
5,6/11/2022,19.08
5,6/12/2022,121.67
5,6/13/2022,44.53
5,6/14/2022,67.31
5,6/15/2022,25.85
5,6/16/2022,10.6
5,6/17/2022,46.28
5,6/18/2022,133.64
5,6/19/2022,9.32
5,6/20/2022,64.36
5,6/21/2022,109.06
5,6/22/2022,91.78
5,6/23/2022,119.93
5,6/24/2022,17.16
5,6/25/2022,2.02
5,6/26/2022,17.28
5,6/27/2022,64.85
5,6/28/2022,78.67
5,6/29/2022,162.77
5,6/30/2022,18.54
5,7/1/2022,53.4
5,7/2/2022,63.41
5,7/3/2022,13.68
5,7/4/2022,19.33
5,7/5/2022,139.45
5,7/6/2022,59.18
5,7/7/2022,90.29
5,7/8/2022,109.46
5,7/9/2022,52.38
5,7/10/2022,75.75
5,7/11/2022,38.62
5,7/12/2022,124.74
5,7/13/2022,125.97
5,7/14/2022,1.7
5,7/15/2022,16.47
5,7/16/2022,25.99
5,7/17/2022,196.73
5,7/18/2022,72.92
5,7/19/2022,135.27
5,7/20/2022,30.01
5,7/21/2022,67.65
5,7/22/2022,33.91
5,7/23/2022,89.32
5,7/24/2022,87.06
5,7/25/2022,0.69
5,7/26/2022,49.07
5,7/27/2022,32.37
5,7/28/2022,135.96
5,7/29/2022,79.04
5,7/30/2022,18.41
5,7/31/2022,88.34
5,8/1/2022,9.71
5,8/2/2022,42.47
5,8/3/2022,83.7
5,8/4/2022,4.19
5,8/5/2022,2.26
5,8/6/2022,59.04
5,8/7/2022,3.62
5,8/8/2022,6.68
5,8/9/2022,97.18
5,8/10/2022,55.94
5,8/11/2022,6.5
5,8/12/2022,86.31
5,8/13/2022,77.56
5,8/14/2022,63.76
5,8/15/2022,31.38
5,8/16/2022,9.29
5,8/17/2022,53.15
5,8/18/2022,39.92
5,8/19/2022,12.35
5,8/20/2022,37.96
5,8/21/2022,64.85
5,8/22/2022,56.84
5,8/23/2022,10.77
5,8/24/2022,79.3
5,8/25/2022,24.74
5,8/26/2022,80.84
5,8/27/2022,26.91
5,8/28/2022,45.54
5,8/29/2022,50.78
5,8/30/2022,31.29
5,8/31/2022,314.35
5,9/1/2022,59.55
5,9/2/2022,84.31
5,9/3/2022,27.81
5,9/4/2022,24.88
5,9/5/2022,93.93
5,9/6/2022,14.23
5,9/7/2022,20.29
5,9/8/2022,47.36
5,9/9/2022,25.01
5,9/10/2022,98.57
5,9/11/2022,45.92
5,9/12/2022,75.54
5,9/13/2022,9.62
5,9/14/2022,115.31
5,9/15/2022,1.26
5,9/16/2022,47.33
5,9/17/2022,191.63
5,9/18/2022,50.73
5,9/19/2022,193.44
5,9/20/2022,48.3
5,9/21/2022,0.04
5,9/22/2022,191.99
5,9/23/2022,151.61
5,9/24/2022,300.46
5,9/25/2022,7.3
5,9/26/2022,25.22
5,9/27/2022,30.26
5,9/28/2022,23.8
5,9/29/2022,115.36
5,9/30/2022,73.5
5,10/1/2022,27.66
5,10/2/2022,85.53
5,10/3/2022,95.02
5,10/4/2022,40.52
5,10/5/2022,23.93
5,10/6/2022,15.69
5,10/7/2022,174.15
5,10/8/2022,21.77
5,10/9/2022,78.68
5,10/10/2022,44.4
5,10/11/2022,40.72
5,10/12/2022,67.47
5,10/13/2022,1.87
5,10/14/2022,100.85
5,10/15/2022,66.56
5,10/16/2022,46.48
5,10/17/2022,31.66
5,10/18/2022,27.37
5,10/19/2022,38.74
5,10/20/2022,159.18
5,10/21/2022,89.26
5,10/22/2022,5.35
5,10/23/2022,58.48
5,10/24/2022,16.69
5,10/25/2022,6.77
5,10/26/2022,82.39
5,10/27/2022,113.63
5,10/28/2022,47.38
5,10/29/2022,342.48
5,10/30/2022,329.21
5,10/31/2022,7.98
5,11/1/2022,174.27
5,11/2/2022,97.24
5,11/3/2022,36.27
5,11/4/2022,176.31
5,11/5/2022,31.66
5,11/6/2022,87.6
5,11/7/2022,100.15
5,11/8/2022,127.71
5,11/9/2022,199.03
5,11/10/2022,49.37
5,11/11/2022,85.71
5,11/12/2022,2.89
5,11/13/2022,19.91
5,11/14/2022,14.63
5,11/15/2022,198.22
5,11/16/2022,118.35
5,11/17/2022,39.51
5,11/18/2022,228.54
5,11/19/2022,5.43
5,11/20/2022,181.09
5,11/21/2022,24.31
5,11/22/2022,0.49
5,11/23/2022,149.62
5,11/24/2022,121.2
5,11/25/2022,123.39
5,11/26/2022,101.25
5,11/27/2022,32.96
5,11/28/2022,51.3
5,11/29/2022,24.08
5,11/30/2022,31.23
5,12/1/2022,331.79
5,12/2/2022,231.32
5,12/3/2022,64.26
5,12/4/2022,21.01
5,12/5/2022,80.95
5,12/6/2022,90.71
5,12/7/2022,249.79
5,12/8/2022,67.22
5,12/9/2022,1.16
5,12/10/2022,102.68
5,12/11/2022,162.19
5,12/12/2022,15.76
5,12/13/2022,21.44
5,12/14/2022,4.77
5,12/15/2022,41.85
5,12/16/2022,58.37
5,12/17/2022,99.57
5,12/18/2022,4.73
5,12/19/2022,117.18
5,12/20/2022,41.22
5,12/21/2022,60.16
5,12/22/2022,10.23
5,12/23/2022,16.2
5,12/24/2022,126.29
5,12/25/2022,32.75
5,12/26/2022,28.45
5,12/27/2022,48.66
5,12/28/2022,203.2
5,12/29/2022,39.58
5,12/30/2022,60.52
5,12/31/2022,15.85
6,6/1/2022,88.66
6,6/2/2022,77.37
6,6/3/2022,27.28
6,6/4/2022,109.11
6,6/5/2022,113.81
6,6/6/2022,4.4
6,6/7/2022,70.53
6,6/8/2022,48.65
6,6/9/2022,34.86
6,6/10/2022,10.54
6,6/11/2022,7.7
6,6/12/2022,47.29
6,6/13/2022,10.77
6,6/14/2022,43.85
6,6/15/2022,52.13
6,6/16/2022,32.2
6,6/17/2022,11.79
6,6/18/2022,108.95
6,6/19/2022,45.64
6,6/20/2022,10.41
6,6/21/2022,20.66
6,6/22/2022,163
6,6/23/2022,131.94
6,6/24/2022,372.82
6,6/25/2022,136.82
6,6/26/2022,14.03
6,6/27/2022,61.68
6,6/28/2022,31.35
6,6/29/2022,21.51
6,6/30/2022,33.68
6,7/1/2022,49.78
6,7/2/2022,28.56
6,7/3/2022,35.11
6,7/4/2022,22.04
6,7/5/2022,94.45
6,7/6/2022,125.25
6,7/7/2022,42.92
6,7/8/2022,114.89
6,7/9/2022,29.29
6,7/10/2022,26.59
6,7/11/2022,64.76
6,7/12/2022,12.04
6,7/13/2022,2.34
6,7/14/2022,56.75
6,7/15/2022,109.27
6,7/16/2022,10.31
6,7/17/2022,6.87
6,7/18/2022,13.34
6,7/19/2022,68.35
6,7/20/2022,67.48
6,7/21/2022,13.16
6,7/22/2022,118.42
6,7/23/2022,5.13
6,7/24/2022,75.5
6,7/25/2022,17.45
6,7/26/2022,86.05
6,7/27/2022,34.36
6,7/28/2022,20.54
6,7/29/2022,19.91
6,7/30/2022,23.33
6,7/31/2022,46.53
6,8/1/2022,7.71
6,8/2/2022,182.52
6,8/3/2022,32.81
6,8/4/2022,129.6
6,8/5/2022,83.1
6,8/6/2022,6.6
6,8/7/2022,25.05
6,8/8/2022,142.21
6,8/9/2022,110.67
6,8/10/2022,128.21
6,8/11/2022,16.64
6,8/12/2022,16.82
6,8/13/2022,108.24
6,8/14/2022,93.22
6,8/15/2022,16.13
6,8/16/2022,6.12
6,8/17/2022,0.78
6,8/18/2022,1.31
6,8/19/2022,47.18
6,8/20/2022,72.8
6,8/21/2022,3.27
6,8/22/2022,48.01
6,8/23/2022,19.48
6,8/24/2022,79.72
6,8/25/2022,49.27
6,8/26/2022,182.57
6,8/27/2022,46.9
6,8/28/2022,170.52
6,8/29/2022,17.35
6,8/30/2022,59.87
6,8/31/2022,29.84
6,9/1/2022,25.03
6,9/2/2022,12.32
6,9/3/2022,12.49
6,9/4/2022,66.68
6,9/5/2022,118.81
6,9/6/2022,20.42
6,9/7/2022,59.71
6,9/8/2022,20.54
6,9/9/2022,59.53
6,9/10/2022,14.99
6,9/11/2022,61.34
6,9/12/2022,36.84
6,9/13/2022,45.17
6,9/14/2022,35.22
6,9/15/2022,31.85
6,9/16/2022,2.6
6,9/17/2022,59.32
6,9/18/2022,12.09
6,9/19/2022,119.28
6,9/20/2022,159.68
6,9/21/2022,13.56
6,9/22/2022,18.61
6,9/23/2022,53.58
6,9/24/2022,10.67
6,9/25/2022,78.47
6,9/26/2022,173.11
6,9/27/2022,86.41
6,9/28/2022,65.27
6,9/29/2022,3.44
6,9/30/2022,40.33
6,10/1/2022,31.56
6,10/2/2022,19.74
6,10/3/2022,72.52
6,10/4/2022,84.51
6,10/5/2022,27.29
6,10/6/2022,44.59
6,10/7/2022,31.47
6,10/8/2022,76.36
6,10/9/2022,115.43
6,10/10/2022,165.14
6,10/11/2022,172.7
6,10/12/2022,24.31
6,10/13/2022,32.28
6,10/14/2022,90.08
6,10/15/2022,9.39
6,10/16/2022,60.81
6,10/17/2022,16.19
6,10/18/2022,29.62
6,10/19/2022,42.81
6,10/20/2022,21.4
6,10/21/2022,44.79
6,10/22/2022,72.48
6,10/23/2022,176.67
6,10/24/2022,106.45
6,10/25/2022,21.9
6,10/26/2022,18.82
6,10/27/2022,173.07
6,10/28/2022,24.47
6,10/29/2022,9.81
6,10/30/2022,109.33
6,10/31/2022,23.94
6,11/1/2022,3.98
6,11/2/2022,62.57
6,11/3/2022,76.64
6,11/4/2022,21.09
6,11/5/2022,38.01
6,11/6/2022,3.95
6,11/7/2022,142.21
6,11/8/2022,3.16
6,11/9/2022,21.47
6,11/10/2022,97.39
6,11/11/2022,74.5
6,11/12/2022,118.76
6,11/13/2022,16.9
6,11/14/2022,68.4
6,11/15/2022,80.82
6,11/16/2022,136.76
6,11/17/2022,53.2
6,11/18/2022,48.66
6,11/19/2022,28.3
6,11/20/2022,28.46
6,11/21/2022,229.73
6,11/22/2022,16.97
6,11/23/2022,3.97
6,11/24/2022,150.36
6,11/25/2022,119.57
6,11/26/2022,30.17
6,11/27/2022,119.66
6,11/28/2022,109.8
6,11/29/2022,27.32
6,11/30/2022,71.48
6,12/1/2022,79.77
6,12/2/2022,40.1
6,12/3/2022,1.77
6,12/4/2022,4.32
6,12/5/2022,4.87
6,12/6/2022,18.99
6,12/7/2022,2.51
6,12/8/2022,23.86
6,12/9/2022,22.74
6,12/10/2022,11.57
6,12/11/2022,54.25
6,12/12/2022,12.54
6,12/13/2022,30.91
6,12/14/2022,68.86
6,12/15/2022,14.19
6,12/16/2022,65.13
6,12/17/2022,52.63
6,12/18/2022,49.9
6,12/19/2022,12.5
6,12/20/2022,131.48
6,12/21/2022,98.02
6,12/22/2022,125.17
6,12/23/2022,48.5
6,12/24/2022,15.2
6,12/25/2022,2.21
6,12/26/2022,107.08
6,12/27/2022,10.49
6,12/28/2022,35.22
6,12/29/2022,41.27
6,12/30/2022,2.16
6,12/31/2022,21.64
7,6/1/2022,2.32
7,6/2/2022,66.64
7,6/3/2022,6.44
7,6/4/2022,6.23
7,6/5/2022,14.93
7,6/6/2022,1.64
7,6/7/2022,4.04
7,6/8/2022,42.77
7,6/9/2022,60.47
7,6/10/2022,26.71
7,6/11/2022,7.95
7,6/12/2022,68.44
7,6/13/2022,7.15
7,6/14/2022,58.29
7,6/15/2022,17.37
7,6/16/2022,22.85
7,6/17/2022,4.74
7,6/18/2022,1.98
7,6/19/2022,7.94
7,6/20/2022,68.14
7,6/21/2022,47.93
7,6/22/2022,1.5
7,6/23/2022,6.8
7,6/24/2022,32.75
7,6/25/2022,0.22
7,6/26/2022,8.9
7,6/27/2022,22.88
7,6/28/2022,37.86
7,6/29/2022,14.48
7,6/30/2022,16.36
7,7/1/2022,21.3
7,7/2/2022,4.3
7,7/3/2022,18.88
7,7/4/2022,11.8
7,7/5/2022,16.52
7,7/6/2022,1.85
7,7/7/2022,41.12
7,7/8/2022,3.65
7,7/9/2022,29.16
7,7/10/2022,18.74
7,7/11/2022,64.67
7,7/12/2022,17.46
7,7/13/2022,4.76
7,7/14/2022,19.36
7,7/15/2022,5.98
7,7/16/2022,3.26
7,7/17/2022,37.22
7,7/18/2022,27.78
7,7/19/2022,30.2
7,7/20/2022,45
7,7/21/2022,3.76
7,7/22/2022,0.82
7,7/23/2022,15.98
7,7/24/2022,14.2
7,7/25/2022,14.64
7,7/26/2022,16.11
7,7/27/2022,30.98
7,7/28/2022,9.67
7,7/29/2022,26.64
7,7/30/2022,4.32
7,7/31/2022,53.28
7,8/1/2022,64.88
7,8/2/2022,12.36
7,8/3/2022,4.97
7,8/4/2022,3.75
7,8/5/2022,14.46
7,8/6/2022,11.97
7,8/7/2022,91.04
7,8/8/2022,31.73
7,8/9/2022,37.93
7,8/10/2022,10.14
7,8/11/2022,32.83
7,8/12/2022,4.2
7,8/13/2022,30.66
7,8/14/2022,10.12
7,8/15/2022,12.43
7,8/16/2022,9.49
7,8/17/2022,27.5
7,8/18/2022,0.66
7,8/19/2022,18.92
7,8/20/2022,5.96
7,8/21/2022,5.37
7,8/22/2022,8.17
7,8/23/2022,3.53
7,8/24/2022,32.58
7,8/25/2022,2.05
7,8/26/2022,80.29
7,8/27/2022,0.41
7,8/28/2022,16.13
7,8/29/2022,2.61
7,8/30/2022,2.79
7,8/31/2022,27.19
7,9/1/2022,35.98
7,9/2/2022,142
7,9/3/2022,3.24
7,9/4/2022,1.89
7,9/5/2022,104.32
7,9/6/2022,17.56
7,9/7/2022,16.35
7,9/8/2022,15.66
7,9/9/2022,40.83
7,9/10/2022,1.22
7,9/11/2022,5.49
7,9/12/2022,37.86
7,9/13/2022,1.61
7,9/14/2022,9.02
7,9/15/2022,19.74
7,9/16/2022,8.03
7,9/17/2022,2.79
7,9/18/2022,36.61
7,9/19/2022,73.85
7,9/20/2022,11.62
7,9/21/2022,44.59
7,9/22/2022,11.64
7,9/23/2022,14.8
7,9/24/2022,10.25
7,9/25/2022,12.4
7,9/26/2022,17.53
7,9/27/2022,13.72
7,9/28/2022,64.16
7,9/29/2022,0.23
7,9/30/2022,82.87
7,10/1/2022,0.42
7,10/2/2022,5.42
7,10/3/2022,34.29
7,10/4/2022,50.57
7,10/5/2022,34.04
7,10/6/2022,55.39
7,10/7/2022,1.93
7,10/8/2022,28.58
7,10/9/2022,11.93
7,10/10/2022,13.95
7,10/11/2022,26.04
7,10/12/2022,107.64
7,10/13/2022,8.12
7,10/14/2022,6.76
7,10/15/2022,11.19
7,10/16/2022,1.55
7,10/17/2022,1.65
7,10/18/2022,19.92
7,10/19/2022,61.37
7,10/20/2022,37.4
7,10/21/2022,2.77
7,10/22/2022,0.57
7,10/23/2022,22.58
7,10/24/2022,27.21
7,10/25/2022,5.84
7,10/26/2022,7.51
7,10/27/2022,4.59
7,10/28/2022,2.75
7,10/29/2022,38.46
7,10/30/2022,5.03
7,10/31/2022,43.46
7,11/1/2022,2.62
7,11/2/2022,24.67
7,11/3/2022,13.44
7,11/4/2022,54.45
7,11/5/2022,17.37
7,11/6/2022,30.86
7,11/7/2022,10.69
7,11/8/2022,9.86
7,11/9/2022,7.61
7,11/10/2022,20.65
7,11/11/2022,1.38
7,11/12/2022,11.62
7,11/13/2022,24.36
7,11/14/2022,12.47
7,11/15/2022,28.06
7,11/16/2022,13.25
7,11/17/2022,15.37
7,11/18/2022,6.71
7,11/19/2022,6.75
7,11/20/2022,3.32
7,11/21/2022,53.46
7,11/22/2022,0.47
7,11/23/2022,56.2
7,11/24/2022,23.27
7,11/25/2022,9.6
7,11/26/2022,7.51
7,11/27/2022,9.65
7,11/28/2022,58.81
7,11/29/2022,41.53
7,11/30/2022,13.61
7,12/1/2022,35.08
7,12/2/2022,54.61
7,12/3/2022,59.14
7,12/4/2022,46.25
7,12/5/2022,1.48
7,12/6/2022,16.35
7,12/7/2022,32.28
7,12/8/2022,89.26
7,12/9/2022,26.79
7,12/10/2022,24.65
7,12/11/2022,88.08
7,12/12/2022,38.94
7,12/13/2022,12.19
7,12/14/2022,50.71
7,12/15/2022,37.45
7,12/16/2022,22.48
7,12/17/2022,10.86
7,12/18/2022,1.44
7,12/19/2022,32.25
7,12/20/2022,7.02
7,12/21/2022,1.97
7,12/22/2022,35.65
7,12/23/2022,9.54
7,12/24/2022,6.32
7,12/25/2022,22.38
7,12/26/2022,18.54
7,12/27/2022,22.93
7,12/28/2022,8.67
7,12/29/2022,28.21
7,12/30/2022,12.23
7,12/31/2022,102.63
8,6/1/2022,105.2
8,6/2/2022,386.86
8,6/3/2022,223.47
8,6/4/2022,18.17
8,6/5/2022,168.97
8,6/6/2022,7.68
8,6/7/2022,18.46
8,6/8/2022,8.69
8,6/9/2022,6.88
8,6/10/2022,91.42
8,6/11/2022,19.04
8,6/12/2022,54.3
8,6/13/2022,44.9
8,6/14/2022,57.23
8,6/15/2022,25.93
8,6/16/2022,23.97
8,6/17/2022,59.28
8,6/18/2022,32.17
8,6/19/2022,106.55
8,6/20/2022,48.36
8,6/21/2022,99.66
8,6/22/2022,108.41
8,6/23/2022,14.75
8,6/24/2022,42.55
8,6/25/2022,33.03
8,6/26/2022,9
8,6/27/2022,1.85
8,6/28/2022,45.01
8,6/29/2022,36.5
8,6/30/2022,156.06
8,7/1/2022,121.92
8,7/2/2022,5.93
8,7/3/2022,178.94
8,7/4/2022,3.97
8,7/5/2022,92.77
8,7/6/2022,75.21
8,7/7/2022,46.82
8,7/8/2022,11.68
8,7/9/2022,282.03
8,7/10/2022,99.71
8,7/11/2022,33.57
8,7/12/2022,35.52
8,7/13/2022,136.36
8,7/14/2022,31.23
8,7/15/2022,7.69
8,7/16/2022,42.62
8,7/17/2022,303.49
8,7/18/2022,30.02
8,7/19/2022,35.26
8,7/20/2022,2.16
8,7/21/2022,67.18
8,7/22/2022,32.53
8,7/23/2022,98.6
8,7/24/2022,122.64
8,7/25/2022,5.71
8,7/26/2022,46.83
8,7/27/2022,98.02
8,7/28/2022,87.58
8,7/29/2022,240.27
8,7/30/2022,7.55
8,7/31/2022,34.19
8,8/1/2022,55.83
8,8/2/2022,6.54
8,8/3/2022,19.77
8,8/4/2022,60.46
8,8/5/2022,171.57
8,8/6/2022,51.78
8,8/7/2022,162.12
8,8/8/2022,134.82
8,8/9/2022,129.76
8,8/10/2022,38.42
8,8/11/2022,95.01
8,8/12/2022,23.09
8,8/13/2022,55.91
8,8/14/2022,20.38
8,8/15/2022,239.68
8,8/16/2022,58.6
8,8/17/2022,42.11
8,8/18/2022,71.75
8,8/19/2022,143.11
8,8/20/2022,22.59
8,8/21/2022,39.93
8,8/22/2022,0.64
8,8/23/2022,45.9
8,8/24/2022,84.53
8,8/25/2022,7.38
8,8/26/2022,66.96
8,8/27/2022,48.72
8,8/28/2022,98.25
8,8/29/2022,77.16
8,8/30/2022,244.8
8,8/31/2022,28.83
8,9/1/2022,42.36
8,9/2/2022,170.68
8,9/3/2022,84.57
8,9/4/2022,112.98
8,9/5/2022,30.68
8,9/6/2022,0.5
8,9/7/2022,27.51
8,9/8/2022,4.48
8,9/9/2022,39.32
8,9/10/2022,145.51
8,9/11/2022,33.9
8,9/12/2022,23.49
8,9/13/2022,62.13
8,9/14/2022,1.24
8,9/15/2022,120.32
8,9/16/2022,14.86
8,9/17/2022,107.12
8,9/18/2022,358.58
8,9/19/2022,22
8,9/20/2022,13.54
8,9/21/2022,59.37
8,9/22/2022,33.6
8,9/23/2022,108.55
8,9/24/2022,21.03
8,9/25/2022,76.56
8,9/26/2022,82.95
8,9/27/2022,66.19
8,9/28/2022,67.25
8,9/29/2022,23.45
8,9/30/2022,175.31
8,10/1/2022,28.58
8,10/2/2022,106.2
8,10/3/2022,12.72
8,10/4/2022,130.79
8,10/5/2022,3.26
8,10/6/2022,48.14
8,10/7/2022,85.51
8,10/8/2022,101.13
8,10/9/2022,96.92
8,10/10/2022,30.49
8,10/11/2022,32.59
8,10/12/2022,23.87
8,10/13/2022,137.35
8,10/14/2022,11.18
8,10/15/2022,407.33
8,10/16/2022,11.17
8,10/17/2022,9.24
8,10/18/2022,111.29
8,10/19/2022,111.93
8,10/20/2022,193.11
8,10/21/2022,37.72
8,10/22/2022,45.06
8,10/23/2022,114.53
8,10/24/2022,266.76
8,10/25/2022,9.46
8,10/26/2022,11.94
8,10/27/2022,15.94
8,10/28/2022,59.31
8,10/29/2022,33.81
8,10/30/2022,43.57
8,10/31/2022,160.07
8,11/1/2022,108.89
8,11/2/2022,58.26
8,11/3/2022,73.57
8,11/4/2022,150.53
8,11/5/2022,104.06
8,11/6/2022,22.63
8,11/7/2022,88.97
8,11/8/2022,26.48
8,11/9/2022,74.37
8,11/10/2022,24.94
8,11/11/2022,32.58
8,11/12/2022,1.94
8,11/13/2022,22.45
8,11/14/2022,25.29
8,11/15/2022,15.96
8,11/16/2022,6.87
8,11/17/2022,22.28
8,11/18/2022,27.55
8,11/19/2022,45.4
8,11/20/2022,92.29
8,11/21/2022,94.07
8,11/22/2022,37.26
8,11/23/2022,14.41
8,11/24/2022,92.34
8,11/25/2022,194.71
8,11/26/2022,159.02
8,11/27/2022,61.3
8,11/28/2022,29.69
8,11/29/2022,28.96
8,11/30/2022,1.03
8,12/1/2022,113.1
8,12/2/2022,21.29
8,12/3/2022,15.56
8,12/4/2022,67.44
8,12/5/2022,62.75
8,12/6/2022,156.09
8,12/7/2022,47.18
8,12/8/2022,10.59
8,12/9/2022,0.53
8,12/10/2022,50.73
8,12/11/2022,55.25
8,12/12/2022,105.98
8,12/13/2022,53.67
8,12/14/2022,12.15
8,12/15/2022,12.74
8,12/16/2022,163.22
8,12/17/2022,10.1
8,12/18/2022,36.31
8,12/19/2022,101.34
8,12/20/2022,72.99
8,12/21/2022,34.33
8,12/22/2022,60.85
8,12/23/2022,48.79
8,12/24/2022,232.99
8,12/25/2022,88.44
8,12/26/2022,55.51
8,12/27/2022,6.74
8,12/28/2022,29.56
8,12/29/2022,87.97
8,12/30/2022,1.18
8,12/31/2022,6.76
9,6/1/2022,0.69
9,6/2/2022,16.27
9,6/3/2022,14.31
9,6/4/2022,2.6
9,6/5/2022,4.3
9,6/6/2022,10.45
9,6/7/2022,21
9,6/8/2022,12.27
9,6/9/2022,40.88
9,6/10/2022,6.39
9,6/11/2022,2.24
9,6/12/2022,35.99
9,6/13/2022,1.33
9,6/14/2022,16.49
9,6/15/2022,9.91
9,6/16/2022,5.03
9,6/17/2022,17.47
9,6/18/2022,26.7
9,6/19/2022,21.29
9,6/20/2022,0.1
9,6/21/2022,15.12
9,6/22/2022,5.57
9,6/23/2022,3.17
9,6/24/2022,15.55
9,6/25/2022,84.45
9,6/26/2022,21.6
9,6/27/2022,81.18
9,6/28/2022,24.95
9,6/29/2022,2.76
9,6/30/2022,29.72
9,7/1/2022,42.2
9,7/2/2022,7.88
9,7/3/2022,51.12
9,7/4/2022,26.14
9,7/5/2022,14.84
9,7/6/2022,4.55
9,7/7/2022,58.69
9,7/8/2022,17.42
9,7/9/2022,15.78
9,7/10/2022,117.73
9,7/11/2022,7.45
9,7/12/2022,11.01
9,7/13/2022,0.15
9,7/14/2022,36.19
9,7/15/2022,3.91
9,7/16/2022,39.7
9,7/17/2022,7.17
9,7/18/2022,24.96
9,7/19/2022,8.42
9,7/20/2022,2.55
9,7/21/2022,19.18
9,7/22/2022,2.48
9,7/23/2022,13.3
9,7/24/2022,21.2
9,7/25/2022,1.5
9,7/26/2022,3.46
9,7/27/2022,2.56
9,7/28/2022,52.68
9,7/29/2022,52.96
9,7/30/2022,14.85
9,7/31/2022,9.89
9,8/1/2022,12.19
9,8/2/2022,35.01
9,8/3/2022,3.88
9,8/4/2022,83.3
9,8/5/2022,1.58
9,8/6/2022,28.28
9,8/7/2022,11.22
9,8/8/2022,141.99
9,8/9/2022,29.23
9,8/10/2022,58.05
9,8/11/2022,4.42
9,8/12/2022,6.36
9,8/13/2022,17.76
9,8/14/2022,9.4
9,8/15/2022,3.33
9,8/16/2022,11.66
9,8/17/2022,29.39
9,8/18/2022,1.42
9,8/19/2022,23.92
9,8/20/2022,7.19
9,8/21/2022,17.55
9,8/22/2022,73.02
9,8/23/2022,0.97
9,8/24/2022,12.22
9,8/25/2022,14.41
9,8/26/2022,87.22
9,8/27/2022,8.04
9,8/28/2022,14.47
9,8/29/2022,4.31
9,8/30/2022,24.49
9,8/31/2022,9.05
9,9/1/2022,10.37
9,9/2/2022,30.23
9,9/3/2022,33.59
9,9/4/2022,14.84
9,9/5/2022,2.97
9,9/6/2022,24.37
9,9/7/2022,12.67
9,9/8/2022,32.07
9,9/9/2022,5.15
9,9/10/2022,32.37
9,9/11/2022,1.94
9,9/12/2022,5.15
9,9/13/2022,13.58
9,9/14/2022,90.19
9,9/15/2022,17.1
9,9/16/2022,13.32
9,9/17/2022,86.66
9,9/18/2022,69.79
9,9/19/2022,19.53
9,9/20/2022,48.32
9,9/21/2022,3.59
9,9/22/2022,13.7
9,9/23/2022,44.5
9,9/24/2022,32.84
9,9/25/2022,6.13
9,9/26/2022,8.71
9,9/27/2022,14.88
9,9/28/2022,3.92
9,9/29/2022,0.41
9,9/30/2022,3.98
9,10/1/2022,19.02
9,10/2/2022,20.44
9,10/3/2022,18.61
9,10/4/2022,25.81
9,10/5/2022,14.3
9,10/6/2022,58.47
9,10/7/2022,47.2
9,10/8/2022,20.26
9,10/9/2022,12.07
9,10/10/2022,3.39
9,10/11/2022,5.33
9,10/12/2022,21.68
9,10/13/2022,4.4
9,10/14/2022,10.69
9,10/15/2022,0.89
9,10/16/2022,21.9
9,10/17/2022,37.84
9,10/18/2022,102.56
9,10/19/2022,24.16
9,10/20/2022,2.71
9,10/21/2022,30.02
9,10/22/2022,27.09
9,10/23/2022,38.96
9,10/24/2022,16.46
9,10/25/2022,12.6
9,10/26/2022,45.48
9,10/27/2022,0.01
9,10/28/2022,12.42
9,10/29/2022,5.93
9,10/30/2022,6.88
9,10/31/2022,41.13
9,11/1/2022,0.32
9,11/2/2022,40.25
9,11/3/2022,3.66
9,11/4/2022,1.82
9,11/5/2022,55.8
9,11/6/2022,18.22
9,11/7/2022,61.15
9,11/8/2022,42.77
9,11/9/2022,47.9
9,11/10/2022,1.91
9,11/11/2022,8.24
9,11/12/2022,11.89
9,11/13/2022,12.19
9,11/14/2022,24.62
9,11/15/2022,30.64
9,11/16/2022,20.18
9,11/17/2022,16.27
9,11/18/2022,28.62
9,11/19/2022,51.6
9,11/20/2022,51.54
9,11/21/2022,9.09
9,11/22/2022,11.48
9,11/23/2022,2.09
9,11/24/2022,0.1
9,11/25/2022,2.17
9,11/26/2022,17.66
9,11/27/2022,23.88
9,11/28/2022,2.48
9,11/29/2022,119.1
9,11/30/2022,18.46
9,12/1/2022,49.91
9,12/2/2022,6.81
9,12/3/2022,20.7
9,12/4/2022,34.01
9,12/5/2022,41.16
9,12/6/2022,29.68
9,12/7/2022,94.71
9,12/8/2022,55.73
9,12/9/2022,24.71
9,12/10/2022,1.94
9,12/11/2022,7.59
9,12/12/2022,2
9,12/13/2022,79.48
9,12/14/2022,25.62
9,12/15/2022,12.39
9,12/16/2022,19.29
9,12/17/2022,4.32
9,12/18/2022,6.82
9,12/19/2022,84.06
9,12/20/2022,20.68
9,12/21/2022,34.86
9,12/22/2022,11.87
9,12/23/2022,45.97
9,12/24/2022,11.15
9,12/25/2022,18.01
9,12/26/2022,8.78
9,12/27/2022,24.09
9,12/28/2022,37.08
9,12/29/2022,4.69
9,12/30/2022,6.62
9,12/31/2022,6.56
10,6/1/2022,97.17
10,6/2/2022,24.88
10,6/3/2022,32.21
10,6/4/2022,16.16
10,6/5/2022,32.44
10,6/6/2022,12.19
10,6/7/2022,128.59
10,6/8/2022,15.89
10,6/9/2022,32.41
10,6/10/2022,110.62
10,6/11/2022,59.47
10,6/12/2022,124.94
10,6/13/2022,2.34
10,6/14/2022,2.32
10,6/15/2022,201.24
10,6/16/2022,76.31
10,6/17/2022,112.13
10,6/18/2022,195.72
10,6/19/2022,44.21
10,6/20/2022,120.29
10,6/21/2022,40.9
10,6/22/2022,54.17
10,6/23/2022,136.86
10,6/24/2022,66.04
10,6/25/2022,29.47
10,6/26/2022,51.59
10,6/27/2022,76.3
10,6/28/2022,9.87
10,6/29/2022,6.72
10,6/30/2022,1.78
10,7/1/2022,109.21
10,7/2/2022,94.3
10,7/3/2022,37.5
10,7/4/2022,157.36
10,7/5/2022,94.27
10,7/6/2022,115.56
10,7/7/2022,20.18
10,7/8/2022,131.29
10,7/9/2022,23.07
10,7/10/2022,50.34
10,7/11/2022,140.19
10,7/12/2022,59.61
10,7/13/2022,165.86
10,7/14/2022,169.7
10,7/15/2022,118.67
10,7/16/2022,120.18
10,7/17/2022,79.37
10,7/18/2022,7.1
10,7/19/2022,76.94
10,7/20/2022,1.86
10,7/21/2022,23.45
10,7/22/2022,43.25
10,7/23/2022,18.21
10,7/24/2022,88.4
10,7/25/2022,5.76
10,7/26/2022,36.14
10,7/27/2022,139.94
10,7/28/2022,108.76
10,7/29/2022,101.35
10,7/30/2022,74.51
10,7/31/2022,106.4
10,8/1/2022,117.49
10,8/2/2022,13.93
10,8/3/2022,252.88
10,8/4/2022,19.77
10,8/5/2022,24.03
10,8/6/2022,6.95
10,8/7/2022,125.63
10,8/8/2022,8.95
10,8/9/2022,392.52
10,8/10/2022,37.93
10,8/11/2022,13.32
10,8/12/2022,19.54
10,8/13/2022,10.29
10,8/14/2022,47.23
10,8/15/2022,48.3
10,8/16/2022,8.6
10,8/17/2022,62.9
10,8/18/2022,43.88
10,8/19/2022,58.41
10,8/20/2022,236.86
10,8/21/2022,217.77
10,8/22/2022,84.06
10,8/23/2022,15.26
10,8/24/2022,17.97
10,8/25/2022,116.86
10,8/26/2022,4.5
10,8/27/2022,303.21
10,8/28/2022,51.96
10,8/29/2022,126.04
10,8/30/2022,72.9
10,8/31/2022,7.91
10,9/1/2022,20.6
10,9/2/2022,62.08
10,9/3/2022,199.43
10,9/4/2022,234.01
10,9/5/2022,50.65
10,9/6/2022,121.99
10,9/7/2022,10.46
10,9/8/2022,9.59
10,9/9/2022,102.77
10,9/10/2022,72.32
10,9/11/2022,87.73
10,9/12/2022,68.72
10,9/13/2022,185.5
10,9/14/2022,72.73
10,9/15/2022,82.26
10,9/16/2022,26.44
10,9/17/2022,32.4
10,9/18/2022,36.8
10,9/19/2022,75.19
10,9/20/2022,3.42
10,9/21/2022,34.91
10,9/22/2022,0.13
10,9/23/2022,177.65
10,9/24/2022,12.07
10,9/25/2022,38.19
10,9/26/2022,129.04
10,9/27/2022,1.87
10,9/28/2022,39.87
10,9/29/2022,25.02
10,9/30/2022,37.26
10,10/1/2022,8.6
10,10/2/2022,3.64
10,10/3/2022,111.32
10,10/4/2022,81.33
10,10/5/2022,95.38
10,10/6/2022,190.97
10,10/7/2022,79.32
10,10/8/2022,198.86
10,10/9/2022,44.71
10,10/10/2022,8.05
10,10/11/2022,34.49
10,10/12/2022,30.81
10,10/13/2022,38.53
10,10/14/2022,4.64
10,10/15/2022,19.52
10,10/16/2022,69.84
10,10/17/2022,67.16
10,10/18/2022,44.68
10,10/19/2022,1.18
10,10/20/2022,46.34
10,10/21/2022,17.98
10,10/22/2022,12.61
10,10/23/2022,58
10,10/24/2022,5.3
10,10/25/2022,23.86
10,10/26/2022,70.98
10,10/27/2022,7.89
10,10/28/2022,3.5
10,10/29/2022,17.29
10,10/30/2022,193.55
10,10/31/2022,25.75
10,11/1/2022,14.38
10,11/2/2022,41.09
10,11/3/2022,46.44
10,11/4/2022,12.39
10,11/5/2022,205.6
10,11/6/2022,89.52
10,11/7/2022,66.86
10,11/8/2022,37.76
10,11/9/2022,37.51
10,11/10/2022,158.73
10,11/11/2022,11.88
10,11/12/2022,258.55
10,11/13/2022,66.96
10,11/14/2022,4.41
10,11/15/2022,83.69
10,11/16/2022,134.29
10,11/17/2022,30.51
10,11/18/2022,17.98
10,11/19/2022,160.91
10,11/20/2022,13.77
10,11/21/2022,44.57
10,11/22/2022,132.21
10,11/23/2022,63.14
10,11/24/2022,45.81
10,11/25/2022,193.23
10,11/26/2022,184.78
10,11/27/2022,55.05
10,11/28/2022,35.38
10,11/29/2022,121.59
10,11/30/2022,68.04
10,12/1/2022,16.61
10,12/2/2022,3.98
10,12/3/2022,3.5
10,12/4/2022,45.33
10,12/5/2022,95.49
10,12/6/2022,13.19
10,12/7/2022,4.05
10,12/8/2022,113.09
10,12/9/2022,121.45
10,12/10/2022,52.39
10,12/11/2022,75.44
10,12/12/2022,130.14
10,12/13/2022,24.47
10,12/14/2022,42.12
10,12/15/2022,31.4
10,12/16/2022,108.43
10,12/17/2022,58.65
10,12/18/2022,15.33
10,12/19/2022,10.98
10,12/20/2022,2.33
10,12/21/2022,74.46
10,12/22/2022,11.19
10,12/23/2022,39.9
10,12/24/2022,21.71
10,12/25/2022,0.44
10,12/26/2022,29.14
10,12/27/2022,53.64
10,12/28/2022,40.18
10,12/29/2022,39.86
10,12/30/2022,10.96
10,12/31/2022,104.17
11,6/1/2022,185.19
11,6/2/2022,7.64
11,6/3/2022,5.51
11,6/4/2022,17.57
11,6/5/2022,152.16
11,6/6/2022,12.94
11,6/7/2022,45.18
11,6/8/2022,27.05
11,6/9/2022,55.32
11,6/10/2022,119.86
11,6/11/2022,40.17
11,6/12/2022,296.84
11,6/13/2022,92.77
11,6/14/2022,147.94
11,6/15/2022,64.51
11,6/16/2022,64.68
11,6/17/2022,182.85
11,6/18/2022,1.2
11,6/19/2022,127.25
11,6/20/2022,39.68
11,6/21/2022,95.8
11,6/22/2022,28.43
11,6/23/2022,132.01
11,6/24/2022,47.14
11,6/25/2022,53.17
11,6/26/2022,82.21
11,6/27/2022,324.6
11,6/28/2022,130.72
11,6/29/2022,173.42
11,6/30/2022,88.81
11,7/1/2022,74.15
11,7/2/2022,2.12
11,7/3/2022,1.79
11,7/4/2022,5.26
11,7/5/2022,229.85
11,7/6/2022,4.32
11,7/7/2022,182.08
11,7/8/2022,63.74
11,7/9/2022,8
11,7/10/2022,3.3
11,7/11/2022,16.18
11,7/12/2022,128.46
11,7/13/2022,25.36
11,7/14/2022,70.83
11,7/15/2022,169.15
11,7/16/2022,53.63
11,7/17/2022,57.98
11,7/18/2022,52.83
11,7/19/2022,191.69
11,7/20/2022,16.69
11,7/21/2022,18.09
11,7/22/2022,55.13
11,7/23/2022,174.53
11,7/24/2022,41.73
11,7/25/2022,24.65
11,7/26/2022,34.17
11,7/27/2022,30.29
11,7/28/2022,281.32
11,7/29/2022,95.72
11,7/30/2022,131.55
11,7/31/2022,91.05
11,8/1/2022,1.16
11,8/2/2022,136.83
11,8/3/2022,25.9
11,8/4/2022,84.33
11,8/5/2022,4.29
11,8/6/2022,62.21
11,8/7/2022,140.81
11,8/8/2022,34.78
11,8/9/2022,24.27
11,8/10/2022,94.91
11,8/11/2022,143.97
11,8/12/2022,99.08
11,8/13/2022,30.86
11,8/14/2022,30.7
11,8/15/2022,79.57
11,8/16/2022,60.67
11,8/17/2022,140.12
11,8/18/2022,2.67
11,8/19/2022,166.96
11,8/20/2022,16.85
11,8/21/2022,170.52
11,8/22/2022,70.84
11,8/23/2022,100.07
11,8/24/2022,34.19
11,8/25/2022,196.66
11,8/26/2022,37.75
11,8/27/2022,14.33
11,8/28/2022,99.56
11,8/29/2022,142.11
11,8/30/2022,198.01
11,8/31/2022,85.25
11,9/1/2022,53.71
11,9/2/2022,65.08
11,9/3/2022,119.03
11,9/4/2022,90.58
11,9/5/2022,4.96
11,9/6/2022,26.14
11,9/7/2022,37.19
11,9/8/2022,35.04
11,9/9/2022,85.61
11,9/10/2022,61.36
11,9/11/2022,26.18
11,9/12/2022,276.14
11,9/13/2022,50.29
11,9/14/2022,115.51
11,9/15/2022,71.47
11,9/16/2022,1.98
11,9/17/2022,9.43
11,9/18/2022,68.19
11,9/19/2022,171.76
11,9/20/2022,132.14
11,9/21/2022,118.94
11,9/22/2022,135.51
11,9/23/2022,592.01
11,9/24/2022,25.53
11,9/25/2022,119.01
11,9/26/2022,366.73
11,9/27/2022,95.68
11,9/28/2022,117.01
11,9/29/2022,7.24
11,9/30/2022,85.25
11,10/1/2022,43.17
11,10/2/2022,304.45
11,10/3/2022,2.61
11,10/4/2022,85.8
11,10/5/2022,99.42
11,10/6/2022,70.2
11,10/7/2022,62.83
11,10/8/2022,128.36
11,10/9/2022,219.51
11,10/10/2022,66.08
11,10/11/2022,61.85
11,10/12/2022,114.04
11,10/13/2022,17.7
11,10/14/2022,191.09
11,10/15/2022,43.74
11,10/16/2022,52.37
11,10/17/2022,91.75
11,10/18/2022,99
11,10/19/2022,7.75
11,10/20/2022,230.74
11,10/21/2022,230.45
11,10/22/2022,60.36
11,10/23/2022,100.69
11,10/24/2022,410.7
11,10/25/2022,58.45
11,10/26/2022,19.38
11,10/27/2022,57.11
11,10/28/2022,162.47
11,10/29/2022,473.26
11,10/30/2022,113.27
11,10/31/2022,226.84
11,11/1/2022,18.76
11,11/2/2022,10.74
11,11/3/2022,71.52
11,11/4/2022,166.08
11,11/5/2022,26.81
11,11/6/2022,168.58
11,11/7/2022,21.4
11,11/8/2022,192.59
11,11/9/2022,111.23
11,11/10/2022,213.99
11,11/11/2022,54.51
11,11/12/2022,8.49
11,11/13/2022,34.01
11,11/14/2022,15.47
11,11/15/2022,111.46
11,11/16/2022,8.46
11,11/17/2022,169.49
11,11/18/2022,48.9
11,11/19/2022,292.18
11,11/20/2022,226.81
11,11/21/2022,15.62
11,11/22/2022,20.01
11,11/23/2022,67.47
11,11/24/2022,185.12
11,11/25/2022,10.14
11,11/26/2022,6.6
11,11/27/2022,206.48
11,11/28/2022,175.28
11,11/29/2022,86.67
11,11/30/2022,284.43
11,12/1/2022,69.93
11,12/2/2022,22.19
11,12/3/2022,100.96
11,12/4/2022,87.6
11,12/5/2022,113.9
11,12/6/2022,291.87
11,12/7/2022,37.1
11,12/8/2022,153.93
11,12/9/2022,147.62
11,12/10/2022,20.79
11,12/11/2022,112.61
11,12/12/2022,58.69
11,12/13/2022,115.65
11,12/14/2022,69.19
11,12/15/2022,6.04
11,12/16/2022,14.22
11,12/17/2022,0.14
11,12/18/2022,38.5
11,12/19/2022,60.7
11,12/20/2022,133.82
11,12/21/2022,0.93
11,12/22/2022,58.5
11,12/23/2022,3.76
11,12/24/2022,45.54
11,12/25/2022,37.72
11,12/26/2022,146.56
11,12/27/2022,22.62
11,12/28/2022,72.58
11,12/29/2022,16.62
11,12/30/2022,37.59
11,12/31/2022,94.19
12,6/1/2022,62.2
12,6/2/2022,63.43
12,6/3/2022,103.59
12,6/4/2022,61.72
12,6/5/2022,84.35
12,6/6/2022,6.16
12,6/7/2022,88.83
12,6/8/2022,1.59
12,6/9/2022,40.4
12,6/10/2022,206.26
12,6/11/2022,147.43
12,6/12/2022,38.58
12,6/13/2022,209.71
12,6/14/2022,18.52
12,6/15/2022,10.24
12,6/16/2022,19.62
12,6/17/2022,58.8
12,6/18/2022,50.36
12,6/19/2022,7.81
12,6/20/2022,16.49
12,6/21/2022,13.18
12,6/22/2022,22.22
12,6/23/2022,21.16
12,6/24/2022,12.1
12,6/25/2022,30.05
12,6/26/2022,181.77
12,6/27/2022,29.74
12,6/28/2022,77.14
12,6/29/2022,486.65
12,6/30/2022,19.34
12,7/1/2022,30.29
12,7/2/2022,16.35
12,7/3/2022,99.78
12,7/4/2022,141.37
12,7/5/2022,125.9
12,7/6/2022,60.22
12,7/7/2022,64.74
12,7/8/2022,44.64
12,7/9/2022,42.39
12,7/10/2022,45.64
12,7/11/2022,12.61
12,7/12/2022,11.73
12,7/13/2022,63.23
12,7/14/2022,30.93
12,7/15/2022,57.17
12,7/16/2022,49.09
12,7/17/2022,20.16
12,7/18/2022,133.81
12,7/19/2022,172.89
12,7/20/2022,9.6
12,7/21/2022,103.69
12,7/22/2022,9.43
12,7/23/2022,17.83
12,7/24/2022,18.61
12,7/25/2022,37.47
12,7/26/2022,23.46
12,7/27/2022,514.94
12,7/28/2022,9.5
12,7/29/2022,119.03
12,7/30/2022,70.02
12,7/31/2022,78.34
12,8/1/2022,7.55
12,8/2/2022,188.39
12,8/3/2022,145.52
12,8/4/2022,4.52
12,8/5/2022,197.05
12,8/6/2022,12.38
12,8/7/2022,269.65
12,8/8/2022,1.46
12,8/9/2022,319.11
12,8/10/2022,59.32
12,8/11/2022,6.17
12,8/12/2022,111.11
12,8/13/2022,71.24
12,8/14/2022,74.37
12,8/15/2022,75.54
12,8/16/2022,68.77
12,8/17/2022,10.93
12,8/18/2022,88.59
12,8/19/2022,36.84
12,8/20/2022,24.76
12,8/21/2022,8.99
12,8/22/2022,27.92
12,8/23/2022,244.95
12,8/24/2022,112.06
12,8/25/2022,13.92
12,8/26/2022,339.3
12,8/27/2022,21.23
12,8/28/2022,82.43
12,8/29/2022,147.07
12,8/30/2022,13.38
12,8/31/2022,27.38
12,9/1/2022,248.92
12,9/2/2022,8.64
12,9/3/2022,26.23
12,9/4/2022,130.91
12,9/5/2022,49.08
12,9/6/2022,13.74
12,9/7/2022,2.31
12,9/8/2022,188.97
12,9/9/2022,98.22
12,9/10/2022,14.98
12,9/11/2022,185.68
12,9/12/2022,237.56
12,9/13/2022,71.68
12,9/14/2022,45.08
12,9/15/2022,297.68
12,9/16/2022,89.46
12,9/17/2022,219.01
12,9/18/2022,8.23
12,9/19/2022,17.4
12,9/20/2022,130.38
12,9/21/2022,32.7
12,9/22/2022,81.34
12,9/23/2022,166.78
12,9/24/2022,22.96
12,9/25/2022,227.89
12,9/26/2022,50.73
12,9/27/2022,80.52
12,9/28/2022,17.52
12,9/29/2022,53.04
12,9/30/2022,4.03
12,10/1/2022,238.9
12,10/2/2022,25.67
12,10/3/2022,67.14
12,10/4/2022,97.46
12,10/5/2022,30.72
12,10/6/2022,48.6
12,10/7/2022,7.79
12,10/8/2022,2.55
12,10/9/2022,98.32
12,10/10/2022,191.57
12,10/11/2022,57.65
12,10/12/2022,59.36
12,10/13/2022,132.85
12,10/14/2022,304.18
12,10/15/2022,120.62
12,10/16/2022,33.42
12,10/17/2022,13.77
12,10/18/2022,173.37
12,10/19/2022,118.18
12,10/20/2022,232.18
12,10/21/2022,10.44
12,10/22/2022,122.99
12,10/23/2022,36.31
12,10/24/2022,133.39
12,10/25/2022,32.53
12,10/26/2022,126.35
12,10/27/2022,2.8
12,10/28/2022,39.38
12,10/29/2022,38.58
12,10/30/2022,21.25
12,10/31/2022,851.43
12,11/1/2022,1.53
12,11/2/2022,25.22
12,11/3/2022,21.19
12,11/4/2022,18.69
12,11/5/2022,64.82
12,11/6/2022,7.03
12,11/7/2022,36.29
12,11/8/2022,120.45
12,11/9/2022,173.08
12,11/10/2022,7.1
12,11/11/2022,94.37
12,11/12/2022,72.84
12,11/13/2022,36.77
12,11/14/2022,30.8
12,11/15/2022,95.12
12,11/16/2022,222.57
12,11/17/2022,14.43
12,11/18/2022,57.17
12,11/19/2022,4.58
12,11/20/2022,59.35
12,11/21/2022,47.05
12,11/22/2022,21.13
12,11/23/2022,28.65
12,11/24/2022,23.56
12,11/25/2022,103.23
12,11/26/2022,3.77
12,11/27/2022,198.34
12,11/28/2022,61.18
12,11/29/2022,70.88
12,11/30/2022,17.59
12,12/1/2022,100.83
12,12/2/2022,73.15
12,12/3/2022,186.75
12,12/4/2022,103.27
12,12/5/2022,208.35
12,12/6/2022,60.18
12,12/7/2022,78.43
12,12/8/2022,129.69
12,12/9/2022,135.97
12,12/10/2022,102.22
12,12/11/2022,37.03
12,12/12/2022,90.27
12,12/13/2022,142.03
12,12/14/2022,123.08
12,12/15/2022,15.32
12,12/16/2022,16.39
12,12/17/2022,94.94
12,12/18/2022,14.97
12,12/19/2022,81.03
12,12/20/2022,129.94
12,12/21/2022,69.48
12,12/22/2022,31.97
12,12/23/2022,191.76
12,12/24/2022,104.77
12,12/25/2022,217.12
12,12/26/2022,91.82
12,12/27/2022,1.16
12,12/28/2022,341.43
12,12/29/2022,45.89
12,12/30/2022,32.81
12,12/31/2022,181.6
13,6/1/2022,34.96
13,6/2/2022,60.64
13,6/3/2022,14.23
13,6/4/2022,41.08
13,6/5/2022,88.29
13,6/6/2022,18.41
13,6/7/2022,8.55
13,6/8/2022,80.78
13,6/9/2022,30.78
13,6/10/2022,33.8
13,6/11/2022,81.09
13,6/12/2022,52.5
13,6/13/2022,36.58
13,6/14/2022,49.21
13,6/15/2022,96.61
13,6/16/2022,31.03
13,6/17/2022,91.85
13,6/18/2022,1.92
13,6/19/2022,29.76
13,6/20/2022,76.62
13,6/21/2022,69.45
13,6/22/2022,8.86
13,6/23/2022,45.65
13,6/24/2022,39.2
13,6/25/2022,3.31
13,6/26/2022,69.93
13,6/27/2022,19.96
13,6/28/2022,138.31
13,6/29/2022,41.52
13,6/30/2022,189.15
13,7/1/2022,27.97
13,7/2/2022,63.96
13,7/3/2022,26.13
13,7/4/2022,54.95
13,7/5/2022,35.7
13,7/6/2022,108.76
13,7/7/2022,78.68
13,7/8/2022,3.47
13,7/9/2022,79.84
13,7/10/2022,5.55
13,7/11/2022,41.45
13,7/12/2022,72.56
13,7/13/2022,82.37
13,7/14/2022,62.22
13,7/15/2022,86.32
13,7/16/2022,43.63
13,7/17/2022,83.82
13,7/18/2022,0.01
13,7/19/2022,26
13,7/20/2022,12.76
13,7/21/2022,22.63
13,7/22/2022,14.22
13,7/23/2022,16.63
13,7/24/2022,65.3
13,7/25/2022,25.58
13,7/26/2022,1.7
13,7/27/2022,104.38
13,7/28/2022,37.29
13,7/29/2022,26.09
13,7/30/2022,7.65
13,7/31/2022,102.13
13,8/1/2022,13.42
13,8/2/2022,118.62
13,8/3/2022,85.44
13,8/4/2022,11.96
13,8/5/2022,17.3
13,8/6/2022,26.69
13,8/7/2022,33.26
13,8/8/2022,51.15
13,8/9/2022,48.16
13,8/10/2022,7.24
13,8/11/2022,27.69
13,8/12/2022,65.56
13,8/13/2022,84.87
13,8/14/2022,3.21
13,8/15/2022,102.87
13,8/16/2022,70.57
13,8/17/2022,36.52
13,8/18/2022,9.72
13,8/19/2022,76.8
13,8/20/2022,15.64
13,8/21/2022,0.44
13,8/22/2022,5.39
13,8/23/2022,120.2
13,8/24/2022,136.53
13,8/25/2022,122.45
13,8/26/2022,51.6
13,8/27/2022,48.45
13,8/28/2022,30.4
13,8/29/2022,76.11
13,8/30/2022,40.31
13,8/31/2022,53.66
13,9/1/2022,12.01
13,9/2/2022,4.06
13,9/3/2022,20.86
13,9/4/2022,3.4
13,9/5/2022,16.15
13,9/6/2022,0.65
13,9/7/2022,155.79
13,9/8/2022,11.1
13,9/9/2022,98.51
13,9/10/2022,20.1
13,9/11/2022,32.75
13,9/12/2022,87.76
13,9/13/2022,4.44
13,9/14/2022,20.58
13,9/15/2022,44.3
13,9/16/2022,23.9
13,9/17/2022,13.83
13,9/18/2022,25
13,9/19/2022,118.62
13,9/20/2022,89.77
13,9/21/2022,47.47
13,9/22/2022,48.81
13,9/23/2022,30.95
13,9/24/2022,33.34
13,9/25/2022,34.22
13,9/26/2022,53.04
13,9/27/2022,85.17
13,9/28/2022,50.98
13,9/29/2022,43.64
13,9/30/2022,147.86
13,10/1/2022,44.22
13,10/2/2022,36.11
13,10/3/2022,9.81
13,10/4/2022,40.29
13,10/5/2022,31.66
13,10/6/2022,0.86
13,10/7/2022,5.12
13,10/8/2022,100.87
13,10/9/2022,30.86
13,10/10/2022,19.68
13,10/11/2022,13.21
13,10/12/2022,78.07
13,10/13/2022,18.63
13,10/14/2022,91.28
13,10/15/2022,2.64
13,10/16/2022,33.28
13,10/17/2022,167.25
13,10/18/2022,21.55
13,10/19/2022,98.88
13,10/20/2022,74
13,10/21/2022,131.49
13,10/22/2022,4.14
13,10/23/2022,32.33
13,10/24/2022,77.08
13,10/25/2022,102.43
13,10/26/2022,18.53
13,10/27/2022,25.6
13,10/28/2022,4.8
13,10/29/2022,29.45
13,10/30/2022,52.88
13,10/31/2022,2.71
13,11/1/2022,12.7
13,11/2/2022,59.43
13,11/3/2022,39.58
13,11/4/2022,81.67
13,11/5/2022,17
13,11/6/2022,49.12
13,11/7/2022,21.96
13,11/8/2022,12.75
13,11/9/2022,48.66
13,11/10/2022,35.23
13,11/11/2022,27.43
13,11/12/2022,84.21
13,11/13/2022,15.16
13,11/14/2022,35.59
13,11/15/2022,15.62
13,11/16/2022,95.42
13,11/17/2022,45.86
13,11/18/2022,12.57
13,11/19/2022,54.94
13,11/20/2022,1.84
13,11/21/2022,16.3
13,11/22/2022,154.76
13,11/23/2022,13.61
13,11/24/2022,22.25
13,11/25/2022,84.72
13,11/26/2022,8.32
13,11/27/2022,13.45
13,11/28/2022,24.3
13,11/29/2022,15.22
13,11/30/2022,1.67
13,12/1/2022,22.2
13,12/2/2022,14.44
13,12/3/2022,57.04
13,12/4/2022,218.11
13,12/5/2022,40.58
13,12/6/2022,27.46
13,12/7/2022,13.02
13,12/8/2022,68.17
13,12/9/2022,107.54
13,12/10/2022,49.69
13,12/11/2022,63.9
13,12/12/2022,50.51
13,12/13/2022,12.91
13,12/14/2022,101.82
13,12/15/2022,10.81
13,12/16/2022,41.03
13,12/17/2022,8.13
13,12/18/2022,32.63
13,12/19/2022,52.63
13,12/20/2022,52.53
13,12/21/2022,6.28
13,12/22/2022,5.66
13,12/23/2022,27.79
13,12/24/2022,61.48
13,12/25/2022,61.86
13,12/26/2022,41.92
13,12/27/2022,26.71
13,12/28/2022,44.22
13,12/29/2022,90.28
13,12/30/2022,5.26
13,12/31/2022,87.31
14,6/1/2022,224.12
14,6/2/2022,2.3
14,6/3/2022,13.4
14,6/4/2022,9.7
14,6/5/2022,2.75
14,6/6/2022,110.46
14,6/7/2022,268.65
14,6/8/2022,59.78
14,6/9/2022,82.03
14,6/10/2022,76.39
14,6/11/2022,0.7
14,6/12/2022,384.77
14,6/13/2022,17.52
14,6/14/2022,137.61
14,6/15/2022,116.81
14,6/16/2022,167.78
14,6/17/2022,0.07
14,6/18/2022,199.93
14,6/19/2022,1.46
14,6/20/2022,45.76
14,6/21/2022,62.3
14,6/22/2022,136.15
14,6/23/2022,101.57
14,6/24/2022,174.84
14,6/25/2022,91.59
14,6/26/2022,27.95
14,6/27/2022,64.45
14,6/28/2022,99.41
14,6/29/2022,127.1
14,6/30/2022,17.59
14,7/1/2022,12.45
14,7/2/2022,492.93
14,7/3/2022,25.01
14,7/4/2022,138.42
14,7/5/2022,1.25
14,7/6/2022,292.72
14,7/7/2022,22.13
14,7/8/2022,37.75
14,7/9/2022,273.49
14,7/10/2022,41.84
14,7/11/2022,234.64
14,7/12/2022,23.07
14,7/13/2022,26.36
14,7/14/2022,97.63
14,7/15/2022,136.51
14,7/16/2022,88.03
14,7/17/2022,27.17
14,7/18/2022,132.48
14,7/19/2022,131.72
14,7/20/2022,129.41
14,7/21/2022,9.05
14,7/22/2022,116.82
14,7/23/2022,12.12
14,7/24/2022,44.77
14,7/25/2022,102.56
14,7/26/2022,392.62
14,7/27/2022,474.67
14,7/28/2022,62.1
14,7/29/2022,52.41
14,7/30/2022,28.52
14,7/31/2022,88.54
14,8/1/2022,28.75
14,8/2/2022,363.45
14,8/3/2022,148.08
14,8/4/2022,30.46
14,8/5/2022,35.58
14,8/6/2022,97.5
14,8/7/2022,62.85
14,8/8/2022,104.21
14,8/9/2022,17.79
14,8/10/2022,1.24
14,8/11/2022,12.34
14,8/12/2022,15.7
14,8/13/2022,93.16
14,8/14/2022,57.68
14,8/15/2022,100.2
14,8/16/2022,69.56
14,8/17/2022,59.27
14,8/18/2022,70.16
14,8/19/2022,159.22
14,8/20/2022,21
14,8/21/2022,62.3
14,8/22/2022,79.31
14,8/23/2022,19.5
14,8/24/2022,88.18
14,8/25/2022,25.9
14,8/26/2022,98.35
14,8/27/2022,48.24
14,8/28/2022,4.29
14,8/29/2022,125.65
14,8/30/2022,80.32
14,8/31/2022,322.56
14,9/1/2022,5.36
14,9/2/2022,9.13
14,9/3/2022,51.89
14,9/4/2022,27.23
14,9/5/2022,12.96
14,9/6/2022,180.48
14,9/7/2022,16.63
14,9/8/2022,184.7
14,9/9/2022,9.54
14,9/10/2022,13.7
14,9/11/2022,6.49
14,9/12/2022,87.94
14,9/13/2022,114.8
14,9/14/2022,46.92
14,9/15/2022,81.51
14,9/16/2022,69.72
14,9/17/2022,429.36
14,9/18/2022,19.24
14,9/19/2022,63.3
14,9/20/2022,89.39
14,9/21/2022,46.87
14,9/22/2022,160.82
14,9/23/2022,11.8
14,9/24/2022,49.23
14,9/25/2022,2.71
14,9/26/2022,84.27
14,9/27/2022,274.76
14,9/28/2022,17.55
14,9/29/2022,98.43
14,9/30/2022,8.31
14,10/1/2022,46.43
14,10/2/2022,379.36
14,10/3/2022,44.5
14,10/4/2022,90.3
14,10/5/2022,129.88
14,10/6/2022,74.72
14,10/7/2022,113.71
14,10/8/2022,277.41
14,10/9/2022,112.99
14,10/10/2022,42.6
14,10/11/2022,126.79
14,10/12/2022,69.03
14,10/13/2022,91.46
14,10/14/2022,59.9
14,10/15/2022,142.32
14,10/16/2022,73.22
14,10/17/2022,73.7
14,10/18/2022,37.75
14,10/19/2022,88.72
14,10/20/2022,106.08
14,10/21/2022,50.74
14,10/22/2022,26.54
14,10/23/2022,55.75
14,10/24/2022,42.55
14,10/25/2022,295.02
14,10/26/2022,92.26
14,10/27/2022,51.55
14,10/28/2022,132.57
14,10/29/2022,110.3
14,10/30/2022,0.31
14,10/31/2022,41.99
14,11/1/2022,15.25
14,11/2/2022,110.36
14,11/3/2022,16.94
14,11/4/2022,220.39
14,11/5/2022,68.69
14,11/6/2022,10
14,11/7/2022,160.15
14,11/8/2022,98.5
14,11/9/2022,16.72
14,11/10/2022,103.53
14,11/11/2022,194.05
14,11/12/2022,119.96
14,11/13/2022,16.1
14,11/14/2022,120.49
14,11/15/2022,223.19
14,11/16/2022,13.37
14,11/17/2022,165.51
14,11/18/2022,26.08
14,11/19/2022,38.05
14,11/20/2022,55.76
14,11/21/2022,9.53
14,11/22/2022,137.64
14,11/23/2022,18.79
14,11/24/2022,17.6
14,11/25/2022,217.77
14,11/26/2022,67.84
14,11/27/2022,73.3
14,11/28/2022,55.11
14,11/29/2022,105.33
14,11/30/2022,25.96
14,12/1/2022,22.65
14,12/2/2022,97.01
14,12/3/2022,381.1
14,12/4/2022,50.67
14,12/5/2022,101.32
14,12/6/2022,104.52
14,12/7/2022,253.33
14,12/8/2022,101.48
14,12/9/2022,36.91
14,12/10/2022,58.12
14,12/11/2022,144.96
14,12/12/2022,3.55
14,12/13/2022,87.11
14,12/14/2022,303.25
14,12/15/2022,55.34
14,12/16/2022,21.7
14,12/17/2022,5.37
14,12/18/2022,26.74
14,12/19/2022,134.99
14,12/20/2022,68.02
14,12/21/2022,174.32
14,12/22/2022,156.84
14,12/23/2022,74.18
14,12/24/2022,195.51
14,12/25/2022,17.78
14,12/26/2022,45.21
14,12/27/2022,37.95
14,12/28/2022,65.01
14,12/29/2022,64.6
14,12/30/2022,135.2
14,12/31/2022,20.83
15,6/1/2022,321.61
15,6/2/2022,9.71
15,6/3/2022,265.75
15,6/4/2022,63.95
15,6/5/2022,363.51
15,6/6/2022,44.55
15,6/7/2022,36.86
15,6/8/2022,120.39
15,6/9/2022,160
15,6/10/2022,16.58
15,6/11/2022,39.63
15,6/12/2022,103.15
15,6/13/2022,49.53
15,6/14/2022,207.18
15,6/15/2022,219.44
15,6/16/2022,66.32
15,6/17/2022,433.95
15,6/18/2022,100.65
15,6/19/2022,190.7
15,6/20/2022,82.3
15,6/21/2022,95.04
15,6/22/2022,187.4
15,6/23/2022,11.8
15,6/24/2022,4.9
15,6/25/2022,114.24
15,6/26/2022,195.48
15,6/27/2022,83.33
15,6/28/2022,169.14
15,6/29/2022,56.45
15,6/30/2022,286.32
15,7/1/2022,13.35
15,7/2/2022,90.4
15,7/3/2022,97.3
15,7/4/2022,54.65
15,7/5/2022,117.31
15,7/6/2022,21.87
15,7/7/2022,98.31
15,7/8/2022,110.63
15,7/9/2022,19.24
15,7/10/2022,25.33
15,7/11/2022,121.11
15,7/12/2022,108.88
15,7/13/2022,450.91
15,7/14/2022,130.31
15,7/15/2022,4.96
15,7/16/2022,16.66
15,7/17/2022,86.54
15,7/18/2022,6.33
15,7/19/2022,14.05
15,7/20/2022,20.22
15,7/21/2022,57
15,7/22/2022,160.63
15,7/23/2022,206.81
15,7/24/2022,65.33
15,7/25/2022,245.15
15,7/26/2022,339.06
15,7/27/2022,19.72
15,7/28/2022,384.22
15,7/29/2022,369.52
15,7/30/2022,212.41
15,7/31/2022,29.1
15,8/1/2022,70.53
15,8/2/2022,232.28
15,8/3/2022,111.52
15,8/4/2022,236.25
15,8/5/2022,40.35
15,8/6/2022,434.42
15,8/7/2022,234.08
15,8/8/2022,110.43
15,8/9/2022,20
15,8/10/2022,13.97
15,8/11/2022,330.68
15,8/12/2022,26.39
15,8/13/2022,74.13
15,8/14/2022,36.8
15,8/15/2022,549.98
15,8/16/2022,157.73
15,8/17/2022,40.87
15,8/18/2022,2.62
15,8/19/2022,4.97
15,8/20/2022,719.67
15,8/21/2022,24.76
15,8/22/2022,413.81
15,8/23/2022,185.8
15,8/24/2022,86.23
15,8/25/2022,54.75
15,8/26/2022,128.14
15,8/27/2022,668.39
15,8/28/2022,28.05
15,8/29/2022,4.35
15,8/30/2022,39.91
15,8/31/2022,182.24
15,9/1/2022,182.89
15,9/2/2022,19.32
15,9/3/2022,19.23
15,9/4/2022,43.53
15,9/5/2022,135.21
15,9/6/2022,293.99
15,9/7/2022,214.77
15,9/8/2022,118.1
15,9/9/2022,210.76
15,9/10/2022,88.54
15,9/11/2022,152.56
15,9/12/2022,10.76
15,9/13/2022,47.16
15,9/14/2022,305.37
15,9/15/2022,5.88
15,9/16/2022,3.43
15,9/17/2022,122.04
15,9/18/2022,223.03
15,9/19/2022,479.51
15,9/20/2022,80.77
15,9/21/2022,277.48
15,9/22/2022,210.26
15,9/23/2022,5.5
15,9/24/2022,51.59
15,9/25/2022,36.35
15,9/26/2022,20.96
15,9/27/2022,226.93
15,9/28/2022,104.88
15,9/29/2022,249.75
15,9/30/2022,103.2
15,10/1/2022,161.69
15,10/2/2022,108.75
15,10/3/2022,607.31
15,10/4/2022,41.4
15,10/5/2022,224.25
15,10/6/2022,89.62
15,10/7/2022,110.16
15,10/8/2022,83.59
15,10/9/2022,43.41
15,10/10/2022,133.78
15,10/11/2022,106.61
15,10/12/2022,12.77
15,10/13/2022,16.56
15,10/14/2022,23.72
15,10/15/2022,123.86
15,10/16/2022,12.75
15,10/17/2022,20.2
15,10/18/2022,175.95
15,10/19/2022,42.68
15,10/20/2022,12.08
15,10/21/2022,209.5
15,10/22/2022,84.21
15,10/23/2022,231.04
15,10/24/2022,17.71
15,10/25/2022,80.82
15,10/26/2022,279.53
15,10/27/2022,182.69
15,10/28/2022,246.4
15,10/29/2022,390.94
15,10/30/2022,99.08
15,10/31/2022,162.85
15,11/1/2022,357.63
15,11/2/2022,50.01
15,11/3/2022,1
15,11/4/2022,184.87
15,11/5/2022,120.89
15,11/6/2022,33.01
15,11/7/2022,223.49
15,11/8/2022,50.96
15,11/9/2022,375.49
15,11/10/2022,581.34
15,11/11/2022,115.71
15,11/12/2022,190.5
15,11/13/2022,17.4
15,11/14/2022,63.27
15,11/15/2022,377.96
15,11/16/2022,31.48
15,11/17/2022,51.25
15,11/18/2022,258.88
15,11/19/2022,290.71
15,11/20/2022,329.16
15,11/21/2022,56.65
15,11/22/2022,5.08
15,11/23/2022,150.11
15,11/24/2022,10.91
15,11/25/2022,257.24
15,11/26/2022,36
15,11/27/2022,65.98
15,11/28/2022,216.65
15,11/29/2022,79.47
15,11/30/2022,36.13
15,12/1/2022,39.08
15,12/2/2022,333.84
15,12/3/2022,226.7
15,12/4/2022,386.56
15,12/5/2022,277.54
15,12/6/2022,68.19
15,12/7/2022,361.07
15,12/8/2022,125.88
15,12/9/2022,400.63
15,12/10/2022,30.33
15,12/11/2022,161.14
15,12/12/2022,89.07
15,12/13/2022,27.27
15,12/14/2022,4.83
15,12/15/2022,1.95
15,12/16/2022,43.03
15,12/17/2022,470.17
15,12/18/2022,107.8
15,12/19/2022,287.92
15,12/20/2022,1.56
15,12/21/2022,12.79
15,12/22/2022,95.85
15,12/23/2022,19.53
15,12/24/2022,162.27
15,12/25/2022,319.28
15,12/26/2022,59.1
15,12/27/2022,405.14
15,12/28/2022,281.84
15,12/29/2022,496.94
15,12/30/2022,72.8
15,12/31/2022,19.81
16,6/1/2022,56.58
16,6/2/2022,87.56
16,6/3/2022,33.84
16,6/4/2022,157.03
16,6/5/2022,5.37
16,6/6/2022,402.65
16,6/7/2022,55.33
16,6/8/2022,15.91
16,6/9/2022,44.1
16,6/10/2022,47.8
16,6/11/2022,268.98
16,6/12/2022,293.08
16,6/13/2022,64.93
16,6/14/2022,4.24
16,6/15/2022,98.36
16,6/16/2022,116.74
16,6/17/2022,581.52
16,6/18/2022,32.36
16,6/19/2022,49.12
16,6/20/2022,201.87
16,6/21/2022,11.85
16,6/22/2022,124.49
16,6/23/2022,169.57
16,6/24/2022,35.28
16,6/25/2022,34.22
16,6/26/2022,394.97
16,6/27/2022,0.59
16,6/28/2022,133.09
16,6/29/2022,331.35
16,6/30/2022,31.98
16,7/1/2022,161.04
16,7/2/2022,515.23
16,7/3/2022,197.64
16,7/4/2022,14.15
16,7/5/2022,10.56
16,7/6/2022,175.44
16,7/7/2022,49.03
16,7/8/2022,14.77
16,7/9/2022,153.24
16,7/10/2022,75.75
16,7/11/2022,0.97
16,7/12/2022,195.24
16,7/13/2022,310.35
16,7/14/2022,53.87
16,7/15/2022,32.89
16,7/16/2022,339.23
16,7/17/2022,328.51
16,7/18/2022,151.43
16,7/19/2022,294.69
16,7/20/2022,141.36
16,7/21/2022,123.18
16,7/22/2022,197.35
16,7/23/2022,63.09
16,7/24/2022,234.75
16,7/25/2022,31.86
16,7/26/2022,46.55
16,7/27/2022,109.68
16,7/28/2022,0.95
16,7/29/2022,148.77
16,7/30/2022,54.77
16,7/31/2022,108.96
16,8/1/2022,6.87
16,8/2/2022,102.72
16,8/3/2022,176.71
16,8/4/2022,51.9
16,8/5/2022,73.54
16,8/6/2022,43.77
16,8/7/2022,97.57
16,8/8/2022,17.34
16,8/9/2022,107.05
16,8/10/2022,245.41
16,8/11/2022,74.54
16,8/12/2022,142.04
16,8/13/2022,20.05
16,8/14/2022,73.46
16,8/15/2022,83.52
16,8/16/2022,44.26
16,8/17/2022,3.35
16,8/18/2022,69.98
16,8/19/2022,23.92
16,8/20/2022,9.4
16,8/21/2022,188.54
16,8/22/2022,224.48
16,8/23/2022,27.98
16,8/24/2022,267.92
16,8/25/2022,142.73
16,8/26/2022,17.45
16,8/27/2022,29.87
16,8/28/2022,123.02
16,8/29/2022,429.25
16,8/30/2022,107.2
16,8/31/2022,8.2
16,9/1/2022,432.38
16,9/2/2022,106.72
16,9/3/2022,245.62
16,9/4/2022,78.8
16,9/5/2022,147.74
16,9/6/2022,231.47
16,9/7/2022,172.95
16,9/8/2022,108.04
16,9/9/2022,62.7
16,9/10/2022,4.83
16,9/11/2022,62.55
16,9/12/2022,39.98
16,9/13/2022,56.07
16,9/14/2022,93.83
16,9/15/2022,635.8
16,9/16/2022,190.38
16,9/17/2022,158.75
16,9/18/2022,269.29
16,9/19/2022,160.27
16,9/20/2022,2.77
16,9/21/2022,306.77
16,9/22/2022,22.75
16,9/23/2022,31.28
16,9/24/2022,254
16,9/25/2022,217.25
16,9/26/2022,202.47
16,9/27/2022,39.61
16,9/28/2022,306.71
16,9/29/2022,214.06
16,9/30/2022,233.13
16,10/1/2022,176.36
16,10/2/2022,158.07
16,10/3/2022,138.51
16,10/4/2022,106.79
16,10/5/2022,5.28
16,10/6/2022,13.39
16,10/7/2022,35.36
16,10/8/2022,318.79
16,10/9/2022,74.04
16,10/10/2022,187.35
16,10/11/2022,233.09
16,10/12/2022,215.9
16,10/13/2022,73.67
16,10/14/2022,4.68
16,10/15/2022,56.04
16,10/16/2022,123.12
16,10/17/2022,54.35
16,10/18/2022,7.79
16,10/19/2022,1.38
16,10/20/2022,48.33
16,10/21/2022,96.54
16,10/22/2022,91.76
16,10/23/2022,255.79
16,10/24/2022,78.55
16,10/25/2022,172.93
16,10/26/2022,399
16,10/27/2022,102.83
16,10/28/2022,519.61
16,10/29/2022,398.58
16,10/30/2022,168.34
16,10/31/2022,220.17
16,11/1/2022,6.14
16,11/2/2022,139.58
16,11/3/2022,162.75
16,11/4/2022,195.17
16,11/5/2022,40.01
16,11/6/2022,123.67
16,11/7/2022,10.72
16,11/8/2022,434.5
16,11/9/2022,152.67
16,11/10/2022,97.46
16,11/11/2022,815.77
16,11/12/2022,7.62
16,11/13/2022,369.79
16,11/14/2022,53.12
16,11/15/2022,269.83
16,11/16/2022,343.7
16,11/17/2022,22.61
16,11/18/2022,202.88
16,11/19/2022,117.86
16,11/20/2022,69.03
16,11/21/2022,73.24
16,11/22/2022,146.71
16,11/23/2022,335.94
16,11/24/2022,70.95
16,11/25/2022,237.37
16,11/26/2022,4.44
16,11/27/2022,117.65
16,11/28/2022,168.01
16,11/29/2022,22.13
16,11/30/2022,276.59
16,12/1/2022,428.52
16,12/2/2022,2.35
16,12/3/2022,159.39
16,12/4/2022,431.42
16,12/5/2022,9.68
16,12/6/2022,80.31
16,12/7/2022,93.32
16,12/8/2022,71.86
16,12/9/2022,185.32
16,12/10/2022,180.68
16,12/11/2022,5.64
16,12/12/2022,25.08
16,12/13/2022,373.57
16,12/14/2022,39.45
16,12/15/2022,191.96
16,12/16/2022,6.3
16,12/17/2022,32.26
16,12/18/2022,53.23
16,12/19/2022,247.96
16,12/20/2022,346.08
16,12/21/2022,110.21
16,12/22/2022,476.12
16,12/23/2022,76.1
16,12/24/2022,78.33
16,12/25/2022,123.66
16,12/26/2022,179.97
16,12/27/2022,270
16,12/28/2022,260.93
16,12/29/2022,663.61
16,12/30/2022,0.26
16,12/31/2022,79.07
